trip_seconds,trip_miles,fare,tips,tolls,extras,trip_total,payment_type
142,4.8,15.5,2.09,1.0,1,19.59,Cash
3703,2.11,18.9,0.22,0.0,0,19.12,Cash
3226,1.23,14.97,0.98,0.0,0,15.95,Credit Card
347,1.61,9.34,1.04,0.0,0,10.38,No Charge
4914,2.61,24.65,1.46,0.0,2,28.11,Cash
1236,2.71,13.56,2.38,0.0,2,17.94,Cash
1422,2.77,13.52,0.68,0.0,2,16.2,Credit Card
1044,2.42,7.35,1.18,0.0,0,8.53,Credit Card
1841,3.24,15.41,1.43,0.0,0,16.84,Cash
999,1.89,10.07,0.83,0.0,0,10.9,Credit Card
1917,1.69,12.38,0.56,0.0,0,12.94,Credit Card
4396,1.9,21.72,2.09,0.0,0,23.81,Credit Card
2470,3.91,18.48,0.16,0.0,0,18.64,Cash
4990,2.33,27.55,0.04,0.0,0,27.59,Credit Card
2460,0.73,12.01,1.39,0.0,0,13.4,Credit Card
1536,1.02,11.41,1.29,0.0,2,14.7,Credit Card
4271,1.1,23.53,2.93,0.0,0,26.46,Credit Card
4437,2.1,24.52,1.59,0.0,0,26.11,Credit Card
4662,5.22,29.66,1.99,0.0,0,31.65,Credit Card
4812,0.77,22.06,4.11,0.0,0,26.17,Credit Card
193,0.73,4.33,0.67,0.0,3,8.0,No Charge
2799,0.77,16.47,1.34,0.0,0,17.81,Credit Card
1492,1.86,13.64,1.82,0.0,0,15.46,Cash
1368,1.37,10.73,0.58,0.0,0,11.31,Cash
1348,3.18,15.2,0.04,0.0,0,15.24,Credit Card
4461,0.66,18.03,0.79,0.0,2,20.82,Cash
4289,2.46,22.21,3.46,0.0,0,25.67,Cash
1201,1.37,12.26,1.38,0.0,0,13.64,Cash
2247,3.78,19.9,1.69,0.0,1,22.59,Credit Card
4019,2.04,24.72,0.4,0.0,0,25.12,Credit Card
851,1.29,8.87,0.04,0.0,0,8.91,Cash
3423,0.89,19.45,0.88,0.0,0,20.33,Cash
2402,3.98,17.35,0.1,0.0,0,17.45,Credit Card
5012,1.47,23.04,3.09,0.0,1,27.13,Credit Card
4007,0.93,19.7,1.16,0.0,0,20.86,Cash
1298,1.16,12.9,1.29,0.0,0,14.19,Cash
4519,2.1,22.49,0.57,0.0,0,23.06,Credit Card
4327,2.24,19.64,3.1,0.0,2,24.74,Cash
1197,1.36,11.3,0.31,0.0,0,11.61,Mobile
2827,1.73,14.88,1.72,0.0,0,16.6,Cash
4300,1.53,18.13,1.12,0.0,0,19.25,Cash
1296,3.91,19.85,1.69,0.0,0,21.54,No Charge
1367,1.3,9.18,0.35,1.5,3,14.03,Cash
945,1.17,11.31,0.07,0.0,0,11.38,Cash
100,1.02,4.5,0.5,0.0,2,7.0,No Charge
2718,1.66,18.61,2.43,0.0,0,21.04,No Charge
146,3.18,10.9,1.46,0.0,0,12.36,Cash
3171,1.97,18.67,0.41,0.0,1,20.08,Credit Card
2280,1.9,13.86,1.88,0.0,1,16.74,No Charge
1044,3.69,15.26,0.38,0.0,0,15.64,Credit Card
1992,3.13,16.05,1.33,0.0,2,19.38,Cash
139,2.23,8.69,0.34,0.0,2,11.03,Cash
825,6.34,19.96,2.43,0.0,0,22.39,Cash
2575,0.79,15.39,1.11,0.0,0,16.5,Cash
472,4.19,13.43,1.09,1.0,0,15.52,Credit Card
3948,3.03,24.16,3.97,0.0,0,28.13,Credit Card
1431,0.93,11.76,0.68,0.0,0,12.44,Credit Card
4965,4.06,29.25,3.03,0.0,3,35.28,Credit Card
966,4.05,14.46,0.95,1.5,0,16.91,Cash
3400,1.8,17.63,1.84,0.0,0,19.47,Cash
2811,1.23,15.99,1.7,0.0,0,17.69,Cash
4957,1.42,21.31,3.36,0.0,0,24.67,Credit Card
3359,4.45,24.63,4.16,0.0,0,28.79,Credit Card
4677,2.67,23.13,0.39,0.0,2,25.52,Cash
2538,1.06,13.86,2.06,0.0,2,17.92,Credit Card
1224,4.79,19.04,2.86,0.0,0,21.9,Credit Card
1070,3.53,15.28,1.54,0.0,1,17.82,Credit Card
4685,0.98,20.39,1.36,1.0,2,24.75,Credit Card
1145,2.37,12.68,0.31,0.0,0,12.99,Cash
3962,2.02,23.67,1.68,0.0,0,25.35,Credit Card
2876,2.14,20.1,2.33,0.0,0,22.43,Credit Card
1543,3.03,17.6,1.37,0.0,1,19.97,Credit Card
2252,2.62,16.92,1.0,3.0,0,20.92,Cash
4316,3.48,29.06,0.3,0.0,0,29.36,Mobile
2478,1.83,13.4,2.32,0.0,0,15.72,Cash
4680,1.66,21.28,2.55,0.0,0,23.83,Cash
5111,1.87,26.1,0.35,0.0,1,27.45,Credit Card
1658,0.37,9.19,0.15,0.0,0,9.34,Credit Card
2867,1.74,17.3,1.64,0.0,0,18.94,Cash
2874,4.29,23.61,1.19,0.0,0,24.8,Credit Card
2959,1.34,15.7,0.95,0.0,0,16.65,Cash
441,0.9,7.94,0.79,0.0,0,8.73,Cash
2034,2.67,16.67,2.88,0.0,0,19.55,Cash
3174,8.64,34.56,3.94,0.0,0,38.5,Credit Card
4963,1.52,20.91,1.57,0.0,0,22.48,Credit Card
1330,2.63,12.77,0.2,0.0,0,12.97,Cash
3499,1.51,15.39,0.2,0.0,0,15.59,Credit Card
4144,0.95,18.99,1.37,0.5,0,20.86,Credit Card
4995,1.54,25.26,2.19,0.0,2,29.45,Cash
987,1.55,9.71,1.14,0.0,0,10.85,Cash
3660,1.63,19.61,3.29,0.0,1,23.9,Cash
1730,1.01,10.42,1.55,0.0,0,11.97,Credit Card
2409,0.91,13.58,2.01,0.0,0,15.59,Credit Card
137,0.84,5.57,0.58,0.0,0,6.15,Mobile
3916,1.91,22.93,2.63,0.0,2,27.56,Credit Card
233,2.0,8.84,1.35,0.0,0,10.19,Cash
2056,3.56,19.32,1.36,1.5,0,22.18,Cash
2712,3.38,18.23,1.29,0.0,0,19.52,Credit Card
3632,1.19,16.14,0.73,0.5,0,17.37,Credit Card
2560,1.38,15.74,0.92,0.0,0,16.66,Cash
4539,1.29,21.81,1.08,1.0,0,23.89,Cash
741,0.88,8.65,0.08,0.0,0,8.73,Credit Card
1460,1.43,11.53,2.22,0.0,0,13.75,Cash
1435,0.8,7.98,0.94,0.0,1,9.92,Credit Card
2087,0.68,11.86,0.39,0.0,0,12.25,Credit Card
76,3.08,9.02,1.0,0.0,0,10.02,Cash
2352,1.92,15.23,2.3,0.0,0,17.53,Credit Card
2094,1.22,10.9,0.17,0.0,0,11.07,Credit Card
3186,2.67,19.45,1.6,0.0,1,22.05,Credit Card
3135,2.78,21.87,3.66,0.0,0,25.53,Cash
1561,4.44,18.52,0.95,0.0,0,19.47,Cash
2341,1.52,14.81,0.25,0.0,0,15.06,Cash
2746,2.14,16.66,1.85,0.0,0,18.51,Cash
4519,1.55,23.53,4.29,0.0,0,27.82,Mobile
470,1.38,6.34,0.97,0.0,0,7.31,Credit Card
3352,3.49,22.41,2.68,0.0,2,27.09,Credit Card
488,2.53,10.28,0.67,0.0,0,10.95,Cash
1480,1.06,11.15,0.02,0.0,0,11.17,Credit Card
2431,2.0,15.25,1.8,0.0,0,17.05,No Charge
4390,2.82,27.16,0.95,0.0,1,29.11,Credit Card
1858,1.77,12.17,1.98,0.0,0,14.15,Credit Card
2727,1.88,13.09,1.57,0.0,0,14.66,Credit Card
3151,7.7,31.65,0.52,0.0,0,32.17,Credit Card
4112,1.19,19.28,0.92,0.0,0,20.2,Cash
2173,1.36,13.99,0.42,0.0,1,15.41,Mobile
3082,4.71,23.39,2.47,0.0,2,27.86,Credit Card
4539,2.13,21.09,3.33,0.0,0,24.42,Credit Card
2395,1.82,14.64,1.8,0.0,0,16.44,Credit Card
5068,0.95,22.49,4.04,0.0,0,26.53,Credit Card
2175,2.4,15.02,1.37,0.0,0,16.39,Cash
2372,2.73,17.27,1.83,1.0,0,20.1,Credit Card
178,3.89,12.72,0.85,0.0,2,15.57,Cash
2907,4.31,23.38,1.63,0.0,0,25.01,Cash
2566,2.45,19.35,0.98,0.0,0,20.33,Credit Card
2276,1.36,14.52,0.15,0.0,0,14.67,Credit Card
3389,0.98,15.44,2.95,0.0,0,18.39,Credit Card
2985,4.88,24.47,0.8,1.5,0,26.77,Credit Card
5112,1.43,23.09,3.22,0.0,0,26.31,Credit Card
2231,4.04,21.38,2.87,1.0,0,25.25,Mobile
2384,3.11,20.05,2.37,0.0,0,22.42,Cash
4396,1.74,23.15,3.61,0.0,0,26.76,Credit Card
2653,4.65,23.99,0.35,0.0,0,24.34,Cash
1396,1.96,10.95,1.97,0.0,0,12.92,Cash
2832,4.32,20.77,0.21,0.0,0,20.98,Credit Card
2765,1.76,14.26,0.71,0.0,0,14.97,Credit Card
2241,1.69,13.59,0.01,0.0,1,14.6,Credit Card
2895,1.91,17.6,1.52,0.0,0,19.12,Credit Card
3150,7.0,30.8,1.01,0.0,0,31.81,Credit Card
5244,2.59,24.82,3.34,0.0,1,29.16,Credit Card
435,2.0,5.66,0.27,0.0,0,5.93,Mobile
4935,0.79,22.79,0.64,1.0,0,24.43,Cash
2667,1.33,16.87,3.27,1.0,0,21.14,Credit Card
2086,0.95,9.86,0.48,0.0,1,11.34,No Charge
3318,0.6,13.42,0.18,0.0,1,14.6,Credit Card
677,1.21,9.46,1.43,0.0,0,10.89,Credit Card
4032,6.41,29.01,4.35,0.0,1,34.36,Credit Card
563,3.99,11.79,1.18,0.0,5,17.97,Cash
2355,3.66,22.46,3.87,0.0,0,26.33,Cash
1137,1.53,8.45,0.12,0.0,0,8.57,Cash
1676,1.39,11.14,1.41,0.0,1,13.55,Cash
2574,0.75,11.4,0.2,0.0,1,12.6,Credit Card
91,3.39,10.08,0.14,0.0,0,10.22,Cash
4805,1.66,23.25,1.33,0.0,1,25.58,Credit Card
4099,1.76,19.04,0.1,0.0,0,19.14,Credit Card
5177,2.98,28.95,4.97,0.0,0,33.92,Cash
474,1.03,5.63,0.47,0.0,0,6.1,Cash
1001,3.64,16.12,0.05,0.0,0,16.17,Cash
2676,0.76,14.14,2.18,0.0,0,16.32,Cash
4627,0.79,20.63,2.75,0.0,0,23.38,Cash
1685,3.61,19.76,1.35,0.0,0,21.11,Cash
1659,2.43,13.6,0.86,0.0,0,14.46,Credit Card
4549,2.25,22.29,1.22,0.0,0,23.51,Credit Card
68,0.62,5.38,1.0,0.0,0,6.38,Cash
5135,3.18,27.81,4.81,0.0,1,33.62,Mobile
1074,4.49,16.76,0.61,0.0,0,17.37,Credit Card
1762,1.6,13.39,2.0,0.0,0,15.39,Credit Card
1790,1.52,13.01,0.94,0.0,0,13.95,Credit Card
4854,5.7,32.78,2.18,1.0,0,35.96,Credit Card
4446,1.24,21.14,1.37,0.0,0,22.51,Credit Card
1862,0.56,12.08,1.05,0.0,0,13.13,Credit Card
1882,2.73,16.7,2.64,0.0,3,22.34,Mobile
4396,1.24,21.51,2.35,0.0,1,24.86,Cash
1570,3.11,16.42,2.48,0.0,0,18.9,Credit Card
4325,1.32,18.1,1.52,0.0,1,20.62,Credit Card
4418,1.7,21.58,0.64,0.0,0,22.22,Credit Card
3559,1.54,19.88,1.64,0.5,0,22.02,Mobile
4029,1.3,16.2,3.03,0.0,0,19.23,Credit Card
1281,2.07,9.75,1.11,0.0,0,10.86,Cash
3062,4.72,25.56,3.33,0.0,0,28.89,Credit Card
795,1.08,9.3,0.46,0.0,0,9.76,Credit Card
368,2.52,11.0,0.38,0.0,0,11.38,Cash
2326,1.4,14.41,0.62,0.0,0,15.03,Credit Card
1632,1.84,14.05,2.28,0.0,2,18.33,Credit Card
869,3.29,13.97,0.33,0.0,1,15.3,Cash
2869,2.02,16.68,0.47,0.0,0,17.15,Credit Card
4723,5.21,32.14,2.45,0.0,0,34.59,Cash
1387,0.81,8.89,0.27,0.0,0,9.16,Credit Card
1016,0.69,10.8,1.26,0.0,0,12.06,Credit Card
4696,1.66,23.66,3.6,0.0,0,27.26,Credit Card
221,2.28,10.0,0.99,0.0,0,10.99,Credit Card
3198,3.67,24.77,3.89,0.0,0,28.66,Credit Card
3046,1.32,17.5,0.82,0.0,0,18.32,Cash
2554,1.91,16.51,3.14,0.0,0,19.65,Credit Card
2349,1.11,14.63,2.0,0.0,0,16.63,Credit Card
206,3.48,11.97,0.93,0.0,0,12.9,Credit Card
4644,3.45,26.67,3.95,0.0,0,30.62,Credit Card
421,2.31,9.68,0.1,0.0,0,9.78,Credit Card
918,1.87,10.47,1.39,0.0,0,11.86,Credit Card
4761,1.91,24.96,1.07,0.0,0,26.03,No Charge
1984,1.07,9.97,0.06,0.0,0,10.03,Credit Card
2510,0.76,11.41,0.23,0.0,0,11.64,Mobile
3480,3.23,19.1,1.62,0.0,0,20.72,Credit Card
3068,2.58,20.52,3.97,0.0,0,24.49,Cash
5031,2.4,25.89,3.6,1.0,0,30.49,Cash
5067,1.31,25.77,0.52,0.0,0,26.29,Cash
1458,0.99,12.53,1.56,0.0,0,14.09,Credit Card
4137,3.13,24.82,2.46,0.0,1,28.28,Credit Card
3734,2.31,22.93,2.1,0.0,0,25.03,Credit Card
1386,1.69,11.47,0.21,0.0,0,11.68,Credit Card
855,4.03,14.4,0.61,0.0,0,15.01,Cash
4413,5.28,30.12,4.4,0.0,0,34.52,Credit Card
4012,5.16,27.53,1.03,0.0,1,29.56,Mobile
2061,1.48,13.55,1.65,0.0,1,16.2,Credit Card
1625,2.73,14.91,1.12,0.0,0,16.03,Credit Card
3744,3.4,21.37,1.76,0.0,0,23.13,Credit Card
1361,0.84,12.72,2.16,0.0,0,14.88,Credit Card
2535,9.22,32.01,0.6,0.0,0,32.61,Cash
1287,1.39,7.46,0.41,0.0,0,7.87,Credit Card
3365,3.3,21.98,1.52,0.0,0,23.5,Cash
2039,3.01,17.12,2.89,0.0,0,20.01,Credit Card
3616,4.07,23.89,1.95,0.0,0,25.84,Cash
1814,1.81,15.46,1.58,0.0,0,17.04,Credit Card
3401,1.14,15.92,2.0,0.0,2,19.92,Credit Card
3331,2.02,20.61,0.69,0.0,0,21.3,No Charge
2466,2.24,16.03,0.44,0.0,1,17.47,Credit Card
2968,1.02,16.42,1.84,0.0,0,18.26,Mobile
1012,4.32,16.65,0.26,0.0,0,16.91,Cash
4063,0.56,19.27,0.73,3.0,0,23.0,Cash
3904,2.84,22.05,0.7,0.0,1,23.75,Credit Card
1635,3.92,18.49,2.2,0.0,3,23.69,Credit Card
2311,1.44,16.0,1.89,0.0,0,17.89,Cash
5189,0.73,21.49,1.12,0.0,3,25.61,Credit Card
739,1.83,8.06,0.15,0.0,0,8.21,Credit Card
2962,1.8,16.54,0.12,1.5,0,18.16,Cash
2898,1.54,17.87,1.34,0.0,0,19.21,Credit Card
3688,0.96,17.85,2.26,1.0,0,21.11,Cash
2439,11.49,32.99,4.09,0.0,1,38.08,Credit Card
3735,1.85,20.32,2.9,0.0,0,23.22,Mobile
654,1.39,11.16,0.94,0.0,0,12.1,Credit Card
873,1.42,8.22,0.87,0.0,0,9.09,Credit Card
2907,2.75,20.62,0.27,0.0,0,20.89,Cash
834,2.1,8.19,0.24,0.5,3,11.93,Cash
180,0.87,8.82,0.9,0.0,0,9.72,Credit Card
2527,1.48,13.79,1.22,0.0,0,15.01,Cash
3800,2.51,18.26,0.69,0.5,3,22.45,Credit Card
2847,1.49,16.07,0.71,0.5,1,18.28,Mobile
4736,3.24,26.84,3.5,0.0,0,30.34,Cash
1512,2.43,13.58,1.1,0.0,0,14.68,Cash
2459,3.55,18.65,3.6,0.0,0,22.25,Credit Card
1021,3.18,12.57,0.48,0.0,0,13.05,Mobile
1423,2.62,13.82,2.73,0.0,0,16.55,Credit Card
2750,5.12,23.94,2.59,0.0,0,26.53,Credit Card
3278,0.86,15.49,2.38,0.0,0,17.87,Cash
3582,0.78,17.54,1.14,0.0,1,19.68,Cash
1464,1.2,11.44,0.93,0.0,0,12.37,Credit Card
1281,1.59,14.85,2.93,0.0,0,17.78,Credit Card
2248,1.74,13.25,0.95,0.0,0,14.2,Credit Card
1226,0.66,10.11,1.33,0.0,0,11.44,Credit Card
1273,4.42,19.39,1.03,0.0,3,23.42,Cash
5159,1.97,25.59,1.42,0.0,0,27.01,Credit Card
1858,2.2,16.12,2.02,0.5,0,18.64,Credit Card
3930,1.0,21.05,0.17,0.0,0,21.22,Cash
1761,1.68,12.48,1.3,0.0,0,13.78,Credit Card
243,1.53,8.03,1.22,0.0,0,9.25,Credit Card
324,2.3,11.27,0.93,0.0,0,12.2,Mobile
5301,3.75,28.93,2.45,0.0,0,31.38,Credit Card
2009,2.05,16.33,0.94,0.0,0,17.27,Credit Card
105,1.22,5.88,0.93,0.0,0,6.81,Credit Card
2083,2.39,15.2,2.65,0.0,0,17.85,Credit Card
1474,2.13,11.66,1.52,0.0,0,13.18,Credit Card
3648,1.15,20.61,0.98,0.0,0,21.59,Credit Card
4958,1.95,24.6,1.28,0.0,5,30.88,Credit Card
4835,0.68,21.06,3.15,0.0,5,29.21,Cash
489,1.98,9.25,1.05,0.0,0,10.3,Cash
80,0.34,3.25,0.37,0.0,0,3.62,Credit Card
4624,1.5,22.85,3.66,0.0,0,26.51,Credit Card
1023,3.13,13.53,2.41,0.0,0,15.94,Credit Card
832,1.4,9.98,0.74,0.0,0,10.72,Credit Card
5114,2.18,25.13,3.13,0.0,0,28.26,Cash
1017,2.23,11.69,0.53,0.0,1,13.22,Credit Card
4646,1.7,21.3,2.24,0.0,0,23.54,Credit Card
4250,0.93,21.77,1.11,0.0,0,22.88,Cash
1131,0.93,7.61,1.45,0.0,0,9.06,Credit Card
4841,1.19,22.74,4.44,0.0,0,27.18,Mobile
3398,2.49,22.04,3.14,0.0,0,25.18,Cash
2520,3.54,19.02,1.92,0.0,0,20.94,Credit Card
2666,1.07,18.69,3.14,0.0,0,21.83,Mobile
265,1.31,8.47,0.67,0.0,2,11.14,Cash
4703,1.56,21.36,0.39,0.0,0,21.75,Credit Card
1743,4.56,16.41,1.79,0.0,0,18.2,Cash
1547,1.34,11.78,0.91,1.0,1,14.69,Cash
141,3.61,11.91,1.75,0.0,0,13.66,Credit Card
1458,1.55,12.14,1.76,0.0,0,13.9,Cash
1924,1.61,13.37,0.61,0.0,0,13.98,Credit Card
298,1.43,7.1,0.68,0.0,3,10.78,Cash
3580,1.75,20.72,4.03,0.0,2,26.75,Credit Card
818,1.02,7.3,0.48,0.0,0,7.78,Credit Card
1476,1.82,13.45,0.87,0.0,1,15.32,Credit Card
2621,1.1,16.65,1.49,0.0,0,18.14,Credit Card
3541,1.88,18.24,0.1,0.0,2,20.34,Cash
1051,0.62,7.34,1.18,0.0,0,8.52,Credit Card
5012,1.31,21.1,0.25,0.0,1,22.35,Credit Card
2827,1.63,17.15,2.97,1.5,5,26.62,Credit Card
2549,1.46,13.97,1.31,0.0,1,16.28,Credit Card
4051,0.64,18.44,1.66,0.0,0,20.1,Credit Card
1165,2.14,10.34,1.03,0.0,0,11.37,Cash
1561,0.77,9.68,1.35,0.0,0,11.03,Credit Card
4987,6.62,30.93,5.27,0.0,1,37.2,Credit Card
3818,4.33,24.98,0.32,0.0,2,27.3,Credit Card
5110,5.87,33.76,3.6,0.0,0,37.36,Cash
3411,1.93,18.68,2.87,0.0,0,21.55,Credit Card
780,0.61,8.23,1.55,0.0,0,9.78,Cash
4093,5.83,30.28,3.03,0.0,0,33.31,Cash
4864,2.22,23.69,3.38,0.0,0,27.07,Credit Card
725,5.86,16.54,1.69,0.0,3,21.23,Credit Card
1620,4.18,17.72,1.03,0.0,0,18.75,Cash
4231,2.46,23.81,3.62,0.0,0,27.43,Cash
744,1.07,7.19,1.38,0.0,0,8.57,Mobile
5249,1.16,25.96,0.26,0.0,0,26.22,Credit Card
690,1.73,9.12,0.1,0.0,0,9.22,Cash
196,2.07,8.02,0.89,0.0,0,8.91,Cash
4115,1.84,18.44,2.81,0.0,0,21.25,No Charge
86,2.37,8.36,0.99,0.0,0,9.35,Mobile
532,4.77,15.6,0.9,0.0,0,16.5,Credit Card
3662,6.04,29.56,4.51,0.0,0,34.07,Credit Card
4135,0.74,20.31,2.68,0.0,3,25.99,Credit Card
4788,2.67,24.56,3.38,0.0,1,28.94,No Charge
1339,3.62,14.95,1.15,0.0,1,17.1,Cash
4406,2.19,24.61,3.73,0.0,1,29.34,Credit Card
2296,2.75,16.73,1.27,0.0,0,18.0,Credit Card
4191,1.34,20.62,0.21,0.0,0,20.83,Cash
823,2.13,10.66,1.27,0.0,1,12.93,Credit Card
3946,1.85,20.37,2.85,0.0,2,25.22,Credit Card
3545,1.32,18.15,3.6,0.0,0,21.75,Credit Card
2240,1.49,16.1,2.8,0.0,0,18.9,Credit Card
2504,2.61,17.29,2.03,0.0,0,19.32,Credit Card
990,1.65,11.03,0.38,0.0,0,11.41,Credit Card
2163,1.94,15.03,1.52,0.0,0,16.55,Cash
3319,1.78,16.19,0.22,0.0,0,16.41,Credit Card
4356,1.53,20.81,3.54,1.5,1,26.85,Credit Card
3248,1.04,17.85,1.23,0.0,0,19.08,Cash
2511,0.94,13.88,0.45,0.0,1,15.33,Cash
3898,2.23,18.81,3.76,0.0,1,23.57,Cash
3752,1.58,17.81,1.81,0.0,0,19.62,Cash
5104,0.96,23.35,0.13,0.0,0,23.48,Mobile
4235,1.43,20.78,2.41,0.0,0,23.19,Credit Card
438,2.57,11.3,2.04,0.0,0,13.34,Credit Card
3343,2.73,18.03,3.34,0.0,0,21.37,Credit Card
3857,0.75,15.34,0.3,0.0,0,15.64,Credit Card
5193,2.8,24.72,3.14,0.0,3,30.86,Cash
4120,0.65,20.34,0.36,0.0,1,21.7,Cash
3001,1.4,17.29,1.01,0.0,0,18.3,Credit Card
291,3.38,10.22,0.51,0.0,2,12.73,Credit Card
1229,1.06,8.41,1.54,0.0,0,9.95,Credit Card
4127,3.48,24.96,2.03,0.0,0,26.99,Credit Card
2953,2.17,17.85,2.25,0.0,0,20.1,Credit Card
3729,6.24,27.62,4.39,0.0,0,32.01,Credit Card
1365,5.24,18.47,1.06,0.0,0,19.53,Cash
4291,2.53,22.68,1.13,0.0,0,23.81,Cash
504,1.75,7.84,0.13,0.0,1,8.97,Credit Card
5251,4.37,29.46,0.0,1.0,2,32.46,Credit Card
4098,2.51,21.67,3.87,0.0,0,25.54,Credit Card
3715,3.2,24.18,3.69,0.0,1,28.87,Credit Card
1472,2.75,14.51,1.79,0.0,1,17.3,Credit Card
4323,2.39,24.26,3.64,0.0,2,29.9,Cash
1734,1.05,14.01,0.87,0.0,3,17.88,Credit Card
4582,3.5,26.04,1.43,0.0,2,29.47,Credit Card
5337,1.4,21.91,2.65,0.0,0,24.56,Credit Card
4641,4.79,27.87,1.32,1.0,2,32.19,No Charge
2198,1.47,12.78,0.93,0.0,1,14.71,Credit Card
4891,2.18,24.92,2.02,0.0,1,27.94,Cash
2416,5.07,24.55,4.73,0.0,0,29.28,Cash
4449,2.59,22.59,3.4,0.0,0,25.99,Cash
4975,1.23,24.03,4.11,0.0,0,28.14,Cash
2110,3.64,15.97,0.17,0.0,0,16.14,Credit Card
4278,1.94,24.04,1.05,0.5,0,25.59,Cash
5310,3.13,30.61,3.03,0.0,1,34.64,Cash
4649,1.56,20.27,2.11,0.0,2,24.38,Credit Card
1146,2.41,13.66,1.37,0.0,1,16.03,Cash
2561,5.14,23.63,3.04,0.0,1,27.67,Credit Card
2436,2.01,15.36,1.4,0.0,1,17.76,Credit Card
1194,7.81,23.41,2.64,0.0,0,26.05,Credit Card
1232,4.44,14.36,0.78,0.5,0,15.64,Credit Card
410,2.92,9.47,1.13,0.0,0,10.6,Credit Card
3767,2.15,17.47,1.69,0.0,1,20.16,Credit Card
486,1.44,8.8,1.59,0.0,0,10.39,Mobile
733,3.03,12.27,0.53,0.0,0,12.8,Credit Card
791,2.06,13.17,0.93,0.0,0,14.1,Credit Card
2835,2.48,16.76,3.09,0.0,0,19.85,Credit Card
1498,4.11,19.42,1.63,0.0,0,21.05,Cash
2487,1.56,14.8,2.33,1.0,0,18.13,Cash
4211,2.85,25.13,3.02,0.0,0,28.15,Credit Card
1983,0.6,10.31,1.49,0.0,0,11.8,Credit Card
1285,4.34,14.95,1.54,1.0,0,17.49,Cash
473,0.94,4.2,0.41,0.0,3,7.61,Cash
2312,1.9,16.08,2.89,0.0,0,18.97,Credit Card
4423,2.45,23.17,3.77,0.0,0,26.94,Cash
2506,2.51,17.35,3.14,0.0,0,20.49,Cash
1489,2.64,13.54,0.13,0.0,0,13.67,Cash
1713,2.77,13.83,0.66,0.0,0,14.49,Cash
150,6.99,16.87,3.01,0.0,0,19.88,Credit Card
1005,4.5,18.34,0.1,0.0,1,19.44,Credit Card
612,3.04,14.88,1.02,0.0,0,15.9,Credit Card
1491,0.66,7.57,0.99,0.0,0,8.56,Credit Card
5092,1.46,22.47,2.81,0.0,0,25.28,Credit Card
4611,5.36,31.63,5.65,0.0,0,37.28,Credit Card
4094,0.57,16.43,0.99,0.0,1,18.42,Credit Card
5368,1.48,25.26,2.82,0.0,0,28.08,Credit Card
1708,1.33,14.4,1.06,0.0,0,15.46,Credit Card
2039,7.07,25.73,0.73,0.0,0,26.46,Credit Card
261,1.47,7.35,0.87,0.0,1,9.22,Credit Card
2525,2.12,15.85,0.96,0.0,1,17.81,Credit Card
2813,1.34,16.09,1.23,0.0,0,17.32,Credit Card
1848,0.78,10.64,1.54,0.0,0,12.18,Credit Card
3624,2.06,20.28,2.96,0.0,2,25.24,Credit Card
2011,1.25,13.08,0.14,1.5,0,14.72,Credit Card
2449,1.11,12.19,0.19,0.0,0,12.38,Credit Card
3729,1.8,19.09,0.58,0.0,0,19.67,Cash
3764,1.28,21.02,0.9,0.0,0,21.92,Cash
3986,1.58,19.23,3.82,0.0,0,23.05,Credit Card
3746,1.11,18.39,1.66,0.5,1,21.55,Mobile
1752,1.61,12.29,2.26,0.0,0,14.55,Credit Card
1274,2.19,14.31,1.59,0.0,0,15.9,Credit Card
834,1.55,8.99,1.45,0.0,0,10.44,No Charge
1792,3.32,14.76,0.93,0.0,3,18.69,Cash
3838,1.74,20.03,0.9,0.0,0,20.93,Credit Card
4563,3.9,28.17,3.9,1.0,0,33.07,Cash
2406,2.26,15.98,2.1,0.0,0,18.08,Credit Card
469,1.22,7.74,0.16,1.0,1,9.9,Credit Card
4953,4.29,30.9,5.18,0.0,0,36.08,Credit Card
4463,2.25,24.32,2.41,0.0,0,26.73,Cash
2245,4.81,22.59,3.21,0.0,0,25.8,Credit Card
3353,5.05,28.91,3.33,1.0,0,33.24,Credit Card
207,1.46,9.34,1.62,0.5,0,11.46,Credit Card
2254,2.98,16.68,2.25,0.0,0,18.93,Cash
3937,1.34,17.55,0.31,0.0,0,17.86,Cash
4031,1.43,22.79,1.82,0.0,0,24.61,Credit Card
5324,1.23,25.1,2.18,0.0,0,27.28,Cash
2740,6.01,26.8,0.11,0.0,0,26.91,Credit Card
2550,5.0,23.29,1.31,0.0,3,27.6,Credit Card
2936,4.92,22.85,2.45,0.0,0,25.3,Cash
5147,0.94,22.15,3.4,0.0,1,26.55,Credit Card
713,2.91,9.94,0.11,0.0,0,10.05,Credit Card
928,1.63,10.01,0.36,0.0,0,10.37,Credit Card
4340,1.39,19.1,2.07,0.0,0,21.17,Credit Card
1196,1.88,11.88,1.61,0.0,0,13.49,Cash
3431,2.32,19.55,3.42,0.0,0,22.97,Credit Card
1883,2.18,13.04,2.6,0.0,0,15.64,Cash
4090,1.09,17.61,2.4,0.0,0,20.01,Credit Card
2227,1.68,10.55,1.76,0.0,0,12.31,Credit Card
932,3.16,13.27,0.65,0.0,0,13.92,Credit Card
4863,5.03,29.04,4.12,0.0,1,34.16,Credit Card
111,2.8,11.2,0.64,1.0,1,13.84,Credit Card
5253,1.51,23.26,3.87,0.0,0,27.13,Cash
298,6.12,19.3,2.74,0.0,0,22.04,Credit Card
2784,3.48,22.02,3.48,1.0,3,29.5,Credit Card
4934,1.77,24.12,0.34,0.0,0,24.46,Cash
3780,0.92,18.06,1.77,0.0,0,19.83,Credit Card
1240,0.63,8.15,0.35,1.0,0,9.5,Cash
3411,5.51,25.94,1.9,0.0,1,28.84,Credit Card
1178,3.64,16.12,2.62,0.5,0,19.24,Credit Card
4655,1.7,23.63,1.75,0.0,0,25.38,Cash
422,2.55,13.35,1.58,0.0,2,16.93,Credit Card
635,1.06,8.93,0.09,0.0,1,10.02,Mobile
3845,4.03,25.91,3.71,0.0,0,29.62,Credit Card
3059,1.19,14.14,2.33,0.0,1,17.47,Cash
4034,1.14,19.44,1.41,0.0,0,20.85,Credit Card
4376,4.36,28.32,3.91,0.0,0,32.23,Credit Card
500,1.25,7.83,0.94,0.0,0,8.77,Credit Card
4194,1.96,21.24,2.46,0.0,0,23.7,Cash
2063,4.02,17.94,2.99,0.0,1,21.93,Credit Card
4158,2.31,20.23,0.1,0.0,0,20.33,Cash
1163,4.17,16.46,1.99,0.0,2,20.45,Cash
5299,1.07,21.75,3.19,0.0,0,24.94,Credit Card
2633,1.94,16.67,3.28,0.0,0,19.95,Cash
211,3.32,11.68,0.98,0.0,0,12.66,Credit Card
3891,2.47,22.27,1.08,0.0,0,23.35,Mobile
626,2.17,10.61,1.84,0.0,0,12.45,Credit Card
3263,1.65,19.03,0.47,0.0,0,19.5,Credit Card
878,1.75,9.83,1.05,0.0,0,10.88,Mobile
1227,1.55,11.97,1.35,0.0,0,13.32,Credit Card
3161,3.02,20.88,2.48,0.0,0,23.36,No Charge
3151,1.03,16.15,1.44,0.0,0,17.59,Credit Card
2360,1.96,14.56,1.15,0.0,0,15.71,Credit Card
1573,2.6,15.59,0.24,0.0,3,18.83,Credit Card
402,1.78,7.92,0.85,0.0,1,9.77,Credit Card
1868,3.08,17.89,0.8,0.0,0,18.69,Cash
1550,1.37,11.53,0.28,0.0,0,11.81,Credit Card
5349,3.49,30.0,0.8,3.0,0,33.8,Cash
2146,4.59,22.06,1.69,0.0,0,23.75,Credit Card
2943,1.41,18.42,1.18,0.0,1,20.6,Credit Card
2761,1.38,14.81,0.87,0.0,0,15.68,Cash
5014,0.8,20.2,1.28,0.0,0,21.48,Credit Card
4095,2.39,23.12,2.31,0.0,0,25.43,Cash
3006,7.23,28.77,3.23,0.0,0,32.0,No Charge
2671,1.67,12.54,1.25,0.0,0,13.79,Credit Card
4855,1.96,24.17,1.98,0.0,0,26.15,Credit Card
4469,0.68,17.94,1.05,1.0,0,19.99,Credit Card
3750,1.31,19.09,1.36,0.0,0,20.45,Credit Card
2946,3.46,22.68,2.96,0.0,0,25.64,Credit Card
633,3.91,13.83,1.16,0.0,1,15.99,Credit Card
1967,3.49,20.09,3.26,0.0,2,25.35,Mobile
3814,4.26,22.11,2.39,0.0,0,24.5,Cash
4363,1.75,23.23,4.09,0.0,1,28.32,Credit Card
3674,1.56,19.27,1.83,0.0,0,21.1,Credit Card
1055,6.35,20.49,0.42,0.0,2,22.91,Credit Card
1199,1.27,8.36,1.25,0.0,0,9.61,Credit Card
4808,1.92,23.9,1.48,0.0,3,28.38,Mobile
1942,1.91,12.99,1.91,0.0,0,14.9,Cash
3656,1.6,21.23,0.19,0.0,0,21.42,Credit Card
1098,1.77,10.15,0.91,0.0,2,13.06,Credit Card
5151,1.77,24.76,0.06,0.0,2,26.82,Cash
1543,2.4,14.77,2.29,0.0,0,17.06,Credit Card
1180,1.83,11.02,0.48,0.0,0,11.5,Credit Card
1501,3.88,15.45,2.69,1.0,0,19.14,Credit Card
1302,1.71,11.54,0.47,0.0,1,13.01,Credit Card
568,1.85,7.74,1.44,0.0,3,12.18,Credit Card
2498,2.35,15.65,1.51,0.0,0,17.16,Cash
3111,0.81,14.44,0.48,0.0,0,14.92,Cash
854,1.34,9.29,0.1,0.0,0,9.39,Cash
2536,3.07,19.22,0.87,0.0,0,20.09,Cash
272,2.5,12.36,0.96,0.0,0,13.32,Cash
3001,2.13,17.42,0.49,1.5,0,19.41,Cash
1939,2.59,16.21,1.76,0.0,0,17.97,Credit Card
3673,1.03,16.36,2.66,0.0,0,19.02,Credit Card
4070,2.28,18.86,0.17,0.0,0,19.03,Credit Card
910,1.39,9.09,1.45,0.0,0,10.54,Cash
4807,2.58,26.99,2.44,0.0,0,29.43,Credit Card
4276,5.42,28.89,2.09,0.0,0,30.98,Credit Card
1305,0.96,9.02,0.72,0.0,0,9.74,Credit Card
2414,5.2,23.25,1.08,0.0,0,24.33,Credit Card
5102,1.39,23.93,0.05,5.0,0,28.98,Cash
4769,2.76,28.61,0.89,0.0,0,29.5,Credit Card
483,1.13,6.02,0.31,0.0,0,6.33,Credit Card
4831,1.66,22.96,2.73,0.0,0,25.69,Credit Card
478,1.02,8.31,0.34,0.0,0,8.65,Credit Card
1832,4.31,19.66,0.58,0.0,0,20.24,Cash
3826,6.94,29.76,2.24,0.0,0,32.0,Credit Card
4458,1.45,19.37,2.67,0.0,0,22.04,Cash
422,1.65,8.29,0.68,0.0,1,9.97,Cash
5180,4.19,31.58,1.62,0.0,1,34.2,Credit Card
5243,1.25,19.95,1.72,0.0,0,21.67,Credit Card
2100,0.93,14.57,0.05,0.0,0,14.62,Credit Card
1524,3.08,16.41,0.1,0.0,0,16.51,No Charge
627,2.04,9.1,0.16,0.0,0,9.26,Credit Card
747,4.43,17.74,0.94,0.0,0,18.68,Credit Card
376,2.03,12.07,0.55,0.0,3,15.62,Credit Card
4163,0.72,17.55,1.15,0.0,0,18.7,Cash
2334,6.56,25.01,1.38,0.0,1,27.39,Credit Card
2315,1.63,12.71,1.56,0.0,0,14.27,Credit Card
1464,2.96,16.2,3.06,0.0,0,19.26,Credit Card
4866,2.09,23.44,3.31,0.0,1,27.75,Credit Card
2856,0.94,13.83,2.67,0.0,0,16.5,Credit Card
2689,0.68,12.0,1.77,0.0,1,14.77,Credit Card
2116,4.2,22.48,0.36,0.0,1,23.84,Cash
102,2.87,9.36,1.11,0.0,0,10.47,Credit Card
929,6.16,19.83,3.38,0.0,0,23.21,Cash
932,2.24,11.39,1.53,0.0,1,13.92,Credit Card
2325,2.25,16.72,2.46,0.0,1,20.18,Credit Card
590,1.59,10.78,1.09,0.0,0,11.87,Cash
4879,0.77,22.35,4.35,0.0,2,28.7,Credit Card
1028,3.12,12.97,1.91,0.0,0,14.88,Credit Card
3162,1.77,17.14,2.92,0.5,1,21.56,Credit Card
1504,2.05,12.98,0.71,0.0,0,13.69,No Charge
527,2.2,10.54,0.13,0.0,0,10.67,Credit Card
462,4.39,16.24,2.24,0.0,0,18.48,Credit Card
2592,1.83,14.53,2.26,0.0,1,17.79,Cash
4753,1.35,21.24,0.89,0.0,1,23.13,Credit Card
3944,2.02,18.22,2.76,0.0,0,20.98,Credit Card
3655,6.29,29.39,3.79,0.0,0,33.18,Credit Card
3420,2.42,17.96,1.04,0.0,0,19.0,Cash
2430,2.18,17.04,0.05,0.0,0,17.09,Cash
3775,1.68,17.12,2.8,0.0,0,19.92,Credit Card
4859,1.68,22.38,3.44,0.5,2,28.32,Cash
2884,1.07,16.13,0.06,0.0,0,16.19,Credit Card
3326,1.45,16.99,0.6,0.5,0,18.09,Cash
1074,2.22,12.47,0.02,0.0,0,12.49,Credit Card
3700,0.97,18.11,3.52,0.5,1,23.13,Cash
651,1.79,9.32,0.7,0.0,0,10.02,Mobile
3865,0.99,17.08,2.09,0.0,0,19.17,Credit Card
5371,1.2,24.5,4.38,0.0,2,30.88,Cash
2406,1.54,12.99,1.44,0.0,0,14.43,Credit Card
2835,2.01,19.16,1.04,0.0,3,23.2,Cash
1625,1.88,11.34,1.73,0.0,2,15.07,Credit Card
4081,4.59,26.84,4.04,1.5,0,32.38,Cash
4795,4.27,29.02,0.49,0.0,0,29.51,Credit Card
936,1.77,10.63,1.07,0.0,0,11.7,Cash
2030,1.8,13.35,0.84,0.0,0,14.19,Cash
2001,1.28,13.35,1.6,0.0,0,14.95,Cash
2392,5.37,23.86,4.22,0.0,1,29.08,Cash
159,4.08,10.11,0.72,0.0,1,11.83,Credit Card
1535,1.11,10.43,1.87,0.5,0,12.8,Mobile
2699,1.91,15.79,0.19,0.0,1,16.98,Mobile
3016,4.51,25.35,1.76,0.0,1,28.11,Cash
4159,1.6,22.69,4.14,0.0,0,26.83,Credit Card
2933,1.53,17.19,1.89,0.0,0,19.08,Credit Card
291,3.66,13.86,0.09,0.0,0,13.95,Cash
2365,1.42,15.62,0.52,0.0,0,16.14,Credit Card
2385,7.46,30.19,0.63,0.0,0,30.82,Credit Card
1946,2.5,16.71,3.01,0.0,0,19.72,Cash
1565,1.55,13.88,0.31,0.0,0,14.19,Credit Card
2952,0.38,12.39,1.11,0.0,0,13.5,Credit Card
2543,3.29,20.55,2.71,0.0,2,25.26,Credit Card
2100,0.9,10.86,0.57,0.0,1,12.43,Credit Card
5324,2.52,28.26,0.72,0.0,0,28.98,Credit Card
4220,2.49,23.38,1.5,0.0,0,24.88,Credit Card
810,2.81,15.3,1.72,0.0,1,18.02,Cash
879,0.81,7.61,1.12,0.0,0,8.73,Cash
1541,1.34,12.92,1.65,0.0,0,14.57,Cash
3907,2.77,24.21,1.87,0.0,0,26.08,Credit Card
1166,2.9,13.86,2.04,0.0,1,16.9,Credit Card
1174,4.99,18.8,2.85,0.0,0,21.65,Credit Card
5374,1.31,22.21,0.36,0.0,0,22.57,Credit Card
5037,0.89,21.87,2.67,0.0,1,25.54,Credit Card
3808,0.77,18.58,1.31,0.0,2,21.89,Credit Card
2115,2.17,13.42,2.59,0.0,0,16.01,Credit Card
3491,3.87,21.67,3.59,0.0,0,25.26,Cash
1788,1.49,14.4,2.8,0.0,2,19.2,Cash
145,1.41,9.25,0.45,1.0,0,10.7,Cash
4871,3.32,28.01,2.03,0.0,0,30.04,Cash
5346,2.08,24.15,4.53,0.0,1,29.68,Credit Card
312,1.72,5.82,0.56,0.0,0,6.38,Credit Card
3097,1.5,17.59,1.79,0.0,0,19.38,Credit Card
5280,2.14,27.06,4.01,0.0,1,32.07,Credit Card
4429,1.68,19.95,3.75,0.0,0,23.7,Credit Card
5019,2.76,27.21,0.24,0.0,0,27.45,Credit Card
4328,1.26,20.36,2.55,0.0,2,24.91,Credit Card
3609,2.33,20.78,2.31,0.0,0,23.09,Credit Card
2783,1.25,17.7,2.11,0.0,0,19.81,Cash
3101,0.94,16.04,2.36,0.0,0,18.4,Cash
164,3.2,10.53,0.34,0.0,0,10.87,Credit Card
2860,1.87,17.27,1.0,0.0,3,21.27,Cash
231,1.35,10.16,1.13,0.0,0,11.29,Credit Card
505,1.02,8.53,0.59,0.0,1,10.12,Credit Card
4503,1.57,21.57,3.75,0.0,1,26.32,Cash
544,4.12,13.32,1.7,0.0,0,15.02,Credit Card
3084,2.32,17.37,0.73,0.0,1,19.1,Credit Card
3748,3.79,24.74,0.98,0.0,2,27.72,Credit Card
185,2.94,10.75,1.37,0.0,0,12.12,Cash
5175,4.19,30.39,1.75,3.0,1,36.14,Credit Card
2267,2.24,16.03,1.7,0.0,1,18.73,Cash
2784,3.27,19.88,2.35,0.0,1,23.23,Cash
5101,0.72,19.55,2.39,0.0,0,21.94,Credit Card
65,2.45,8.43,1.28,0.0,1,10.71,Cash
725,0.61,8.44,0.92,0.0,0,9.36,Credit Card
4486,3.49,25.21,1.21,0.0,0,26.42,Credit Card
1723,10.16,32.32,2.7,0.0,0,35.02,Cash
4495,1.74,21.6,1.48,0.0,0,23.08,Credit Card
5020,4.87,32.98,5.08,0.0,0,38.06,Cash
1856,3.42,15.05,0.39,0.0,2,17.44,Credit Card
75,1.76,6.95,1.29,0.0,0,8.24,Credit Card
3690,1.52,20.55,0.75,0.0,1,22.3,Credit Card
4309,2.8,25.91,1.03,0.0,0,26.94,Credit Card
816,2.23,11.2,0.52,0.0,0,11.72,Credit Card
1415,2.23,14.2,2.02,0.0,2,18.22,Credit Card
931,1.87,12.03,1.28,0.0,0,13.31,Credit Card
3271,1.64,18.92,2.53,0.0,0,21.45,Cash
3859,1.17,18.83,0.55,0.0,2,21.38,Cash
236,0.8,6.43,1.2,0.0,0,7.63,Credit Card
2783,1.9,16.91,0.51,0.0,0,17.42,Credit Card
3953,2.45,22.73,0.84,0.0,0,23.57,Cash
3204,0.86,14.66,2.41,0.0,0,17.07,Credit Card
5325,1.29,23.1,2.27,0.0,0,25.37,Credit Card
2856,0.77,15.72,0.91,0.0,0,16.63,Cash
5031,3.22,26.27,4.36,0.0,0,30.63,Cash
5082,3.82,25.71,3.16,0.0,0,28.87,Credit Card
1013,1.45,12.04,1.76,5.0,0,18.8,Cash
4271,1.88,23.27,3.77,0.0,1,28.04,Cash
3385,2.44,20.14,0.85,0.0,0,20.99,Credit Card
4861,1.73,25.04,0.76,0.0,0,25.8,Credit Card
1385,2.79,12.37,1.38,0.0,0,13.75,Cash
1617,5.9,22.28,0.21,0.0,2,24.49,Mobile
2238,3.68,18.56,1.01,0.0,0,19.57,Credit Card
5291,3.27,27.43,2.27,0.0,0,29.7,Cash
5394,6.07,34.09,6.74,0.0,0,40.83,Cash
4432,0.94,21.39,1.88,0.0,0,23.27,Mobile
329,2.48,10.16,0.8,0.0,0,10.96,Credit Card
591,0.75,5.29,0.16,0.0,0,5.45,Credit Card
3679,5.73,28.98,4.63,0.0,0,33.61,Mobile
525,3.13,12.67,1.58,0.0,0,14.25,Cash
5237,1.92,23.72,1.27,0.0,1,25.99,Cash
1082,1.53,10.46,0.43,0.0,0,10.89,Credit Card
5094,1.43,22.14,4.22,0.0,0,26.36,Mobile
1856,1.71,13.48,2.68,0.0,1,17.16,Credit Card
1453,0.78,7.79,0.08,0.5,1,9.37,Credit Card
1231,1.49,11.1,0.45,0.0,0,11.55,Cash
4170,1.47,18.31,2.85,0.0,0,21.16,Credit Card
336,1.2,9.05,0.62,0.0,0,9.67,Credit Card
3213,1.46,14.83,1.01,0.0,0,15.84,Credit Card
2436,1.72,14.71,0.15,0.0,0,14.86,Credit Card
2977,2.32,17.15,3.29,0.5,2,22.94,Credit Card
1461,3.28,14.97,0.16,0.0,0,15.13,Mobile
389,1.59,8.58,1.45,0.0,1,11.03,Credit Card
2530,0.61,14.6,0.14,0.0,0,14.74,Cash
1747,1.77,14.98,1.37,0.0,5,21.35,Mobile
4243,1.25,21.11,2.69,0.0,0,23.8,Credit Card
1856,2.0,12.93,1.41,0.0,1,15.34,Credit Card
1778,0.83,9.09,0.91,0.0,0,10.0,Credit Card
2110,1.22,14.84,2.95,0.0,2,19.79,Cash
275,1.2,10.02,0.84,0.0,1,11.86,Cash
2728,2.41,13.64,0.98,0.0,1,15.62,Cash
4516,1.23,19.85,0.25,0.0,1,21.1,Credit Card
2765,1.22,16.44,1.78,1.5,0,19.72,Cash
2678,1.63,13.82,0.23,0.0,1,15.05,Cash
2697,2.34,17.32,0.07,0.0,0,17.39,Credit Card
1363,1.25,8.4,0.39,0.0,0,8.79,Credit Card
641,0.79,8.38,1.33,0.0,0,9.71,Credit Card
5016,1.1,21.98,0.18,0.0,0,22.16,Mobile
4245,1.92,24.7,0.72,0.0,2,27.42,Mobile
3985,2.3,21.75,1.59,0.0,0,23.34,Cash
367,4.64,14.95,0.63,0.0,0,15.58,Cash
2311,0.93,13.76,2.7,0.0,0,16.46,Credit Card
64,1.22,6.89,0.87,0.0,3,10.76,Cash
1913,3.22,14.95,2.68,0.0,0,17.63,Credit Card
580,1.2,6.24,0.18,0.0,0,6.42,Credit Card
439,2.41,9.91,1.9,0.0,0,11.81,Cash
2541,2.98,18.46,2.61,0.0,0,21.07,Credit Card
1585,1.75,9.07,0.52,0.0,0,9.59,Credit Card
5272,2.92,28.18,5.36,0.0,1,34.54,Cash
3882,5.28,29.11,0.72,0.0,0,29.83,Credit Card
1954,3.0,16.5,3.05,0.0,0,19.55,Mobile
463,2.92,11.57,0.8,0.0,0,12.37,Credit Card
3514,4.49,24.23,0.6,0.0,0,24.83,Credit Card
2070,4.31,19.27,0.43,0.0,0,19.7,Mobile
2079,4.97,19.31,3.65,0.0,2,24.96,Cash
3218,1.47,16.36,1.11,0.0,0,17.47,Cash
2234,1.72,13.81,1.47,0.0,0,15.28,Cash
4011,1.36,21.21,2.5,1.0,0,24.71,Credit Card
4746,1.63,22.09,3.55,0.0,0,25.64,Cash
4026,0.92,18.25,0.19,0.0,0,18.44,Cash
5307,1.04,25.0,1.45,0.0,0,26.45,Credit Card
1622,1.77,11.64,1.57,0.0,0,13.21,Credit Card
1690,0.74,9.47,0.16,0.0,3,12.63,Cash
1818,1.35,12.74,1.47,0.0,1,15.21,Credit Card
1073,0.98,10.56,1.86,0.0,0,12.42,Cash
900,3.37,15.22,0.77,0.0,0,15.99,Credit Card
1072,3.76,14.63,1.43,0.0,0,16.06,Cash
3954,2.63,21.13,3.91,0.0,1,26.04,Cash
2756,3.02,17.83,3.3,0.0,3,24.13,Cash
1477,4.54,18.14,0.72,3.0,0,21.86,Cash
3562,3.22,22.8,1.49,0.0,0,24.29,Credit Card
2625,2.67,21.84,0.69,0.0,0,22.53,Credit Card
101,0.79,5.28,0.27,0.0,0,5.55,Cash
4864,0.72,20.77,2.86,0.5,3,27.13,Cash
2064,1.97,13.26,1.84,1.0,0,16.1,Credit Card
94,3.57,13.08,1.17,0.0,0,14.25,Cash
1031,2.2,10.33,0.38,0.0,3,13.71,Cash
4634,2.26,25.07,1.51,0.0,0,26.58,Cash
3488,0.96,15.54,1.84,0.0,0,17.38,Cash
4010,1.34,18.9,0.67,0.0,1,20.57,Cash
1830,4.69,21.2,3.45,0.0,0,24.65,Cash
3505,1.62,19.03,3.7,3.0,1,26.73,Cash
1707,1.68,13.3,2.37,0.0,0,15.67,Credit Card
2233,1.18,11.41,0.03,0.0,0,11.44,Credit Card
957,5.31,18.0,0.52,0.0,0,18.52,Credit Card
3392,1.15,18.18,1.58,0.0,0,19.76,Credit Card
3282,3.14,20.91,0.46,0.0,0,21.37,Credit Card
5125,0.84,21.4,2.93,0.0,0,24.33,Credit Card
3649,0.62,17.68,1.61,0.0,0,19.29,Cash
568,2.18,9.79,1.66,0.0,1,12.45,No Charge
1483,1.51,13.74,0.9,0.0,0,14.64,Credit Card
421,3.85,14.36,0.44,0.0,0,14.8,Cash
1563,2.96,13.59,0.55,0.0,0,14.14,Cash
1878,4.17,18.97,1.22,0.0,0,20.19,Credit Card
5088,1.91,26.72,0.59,0.0,0,27.31,Cash
610,1.84,7.48,1.19,0.0,0,8.67,Cash
2805,1.83,15.96,1.45,0.0,1,18.41,Credit Card
4960,7.75,37.3,6.49,0.0,3,46.79,Credit Card
1713,1.52,11.11,1.06,0.0,0,12.17,Credit Card
4264,4.23,25.52,2.67,0.0,1,29.19,Cash
1833,0.69,10.06,1.01,0.0,0,11.07,Credit Card
905,0.56,5.55,0.78,0.0,0,6.33,No Charge
3177,1.95,20.7,2.26,0.0,1,23.96,Credit Card
2055,1.17,12.2,1.89,0.0,1,15.09,Credit Card
68,0.53,3.66,0.25,0.0,0,3.91,Credit Card
2278,6.19,26.18,3.53,0.0,0,29.71,Credit Card
2179,4.16,20.53,3.8,0.0,1,25.33,Credit Card
5156,3.9,29.45,1.13,0.0,1,31.58,Cash
4650,2.27,23.22,1.98,1.5,0,26.7,Cash
1818,3.34,14.21,0.69,0.0,0,14.9,Cash
4017,1.26,18.17,0.66,0.0,0,18.83,Credit Card
2624,2.42,18.23,1.62,0.0,0,19.85,No Charge
4909,2.47,23.76,3.75,0.0,0,27.51,Credit Card
2884,4.71,23.08,0.8,0.0,0,23.88,Cash
510,3.07,11.05,0.86,0.0,1,12.91,Credit Card
4234,1.29,18.63,0.2,0.0,2,20.83,Credit Card
3643,1.24,17.35,0.41,0.0,0,17.76,Credit Card
4695,5.51,32.37,1.8,0.0,0,34.17,Cash
3892,1.23,18.32,1.37,5.0,0,24.69,Mobile
3641,1.15,19.44,3.14,0.0,0,22.58,Credit Card
1987,2.38,17.5,0.53,0.0,0,18.03,Cash
2000,0.77,9.93,1.6,0.0,2,13.53,Credit Card
2097,0.83,11.91,0.84,0.0,1,13.75,Credit Card
1283,3.14,15.63,1.16,0.0,0,16.79,Cash
3837,2.85,21.67,1.49,0.0,1,24.16,Credit Card
2185,2.65,17.43,1.35,0.0,2,20.78,Cash
5198,8.33,39.49,4.18,0.0,0,43.67,Credit Card
3134,3.24,19.4,3.31,0.0,0,22.71,Credit Card
1663,4.0,18.1,2.03,0.0,0,20.13,Credit Card
4155,1.03,20.65,1.78,0.0,1,23.43,Credit Card
2500,1.69,14.84,2.74,0.0,0,17.58,Credit Card
5183,1.12,20.96,3.29,0.0,1,25.25,Credit Card
4333,2.39,24.1,3.42,0.0,3,30.52,Mobile
4723,2.62,26.27,2.39,0.0,0,28.66,Credit Card
5232,1.55,23.31,4.5,0.0,0,27.81,Credit Card
4266,1.98,21.21,0.27,0.0,1,22.48,Mobile
5098,3.04,27.85,4.2,0.0,0,32.05,Mobile
4869,2.47,25.62,2.37,0.0,0,27.99,Credit Card
866,3.02,15.42,1.29,0.0,2,18.71,Cash
3776,1.89,19.05,3.74,0.0,0,22.79,Credit Card
3029,1.32,15.3,2.99,0.0,0,18.29,Cash
5108,1.1,23.73,4.26,0.0,0,27.99,Credit Card
4100,1.19,21.01,2.14,0.0,0,23.15,Credit Card
2802,2.9,19.38,1.83,0.0,1,22.21,Credit Card
3461,2.71,20.67,0.56,0.0,0,21.23,Cash
546,1.71,10.44,0.69,0.0,0,11.13,Credit Card
1948,2.16,15.24,0.79,0.0,0,16.03,Cash
3955,0.79,19.01,2.25,0.0,0,21.26,Credit Card
2355,2.15,15.16,0.57,0.0,1,16.73,Credit Card
5124,2.44,26.1,1.73,0.0,2,29.83,Credit Card
3569,1.12,19.5,3.1,0.0,0,22.6,Mobile
225,2.66,11.4,1.59,0.0,2,14.99,Cash
906,1.08,7.84,0.85,0.0,3,11.69,Credit Card
3381,2.84,19.74,0.27,0.0,0,20.01,Credit Card
4306,2.12,19.98,3.75,0.0,1,24.73,Credit Card
1687,3.43,16.26,1.51,0.0,0,17.77,Cash
2166,3.37,19.3,2.37,0.0,1,22.67,Credit Card
2218,4.92,19.17,2.95,0.0,0,22.12,Cash
1380,1.58,10.56,0.49,0.0,2,13.05,Credit Card
4962,3.37,25.78,3.03,0.0,3,31.81,Credit Card
2731,1.69,16.75,1.0,0.0,0,17.75,Credit Card
1845,2.1,12.41,1.57,0.0,0,13.98,Credit Card
5059,1.9,24.23,2.17,0.0,3,29.4,Credit Card
3401,1.2,15.86,3.06,0.0,0,18.92,Cash
104,2.28,10.75,2.11,0.0,0,12.86,Credit Card
2320,4.19,20.35,3.66,0.0,0,24.01,Credit Card
3676,1.71,17.33,3.3,0.0,5,25.63,Credit Card
5009,3.91,28.1,4.93,0.0,1,34.03,Credit Card
2821,0.42,14.68,1.28,0.0,0,15.96,Credit Card
2028,5.38,24.15,0.75,0.0,0,24.9,Credit Card
1795,1.01,13.76,1.19,0.0,0,14.95,Cash
590,2.66,10.84,0.17,0.0,3,14.01,Mobile
548,4.79,16.44,1.33,1.0,1,19.77,Cash
2297,0.84,14.76,2.52,0.0,3,20.28,Credit Card
4247,2.54,23.36,4.63,0.0,0,27.99,Cash
2223,4.57,23.39,1.41,0.0,0,24.8,Cash
805,2.17,13.74,1.64,1.5,0,16.88,Credit Card
4787,1.9,23.19,2.47,0.0,1,26.66,Credit Card
4409,2.06,23.7,0.94,0.0,2,26.64,Cash
1829,2.36,13.94,1.89,0.0,0,15.83,Credit Card
1866,2.84,17.71,0.74,5.0,3,26.45,Credit Card
1629,2.84,16.3,1.01,0.0,0,17.31,Cash
834,1.39,8.69,1.17,0.0,2,11.86,Cash
2233,1.57,14.36,2.61,0.0,0,16.97,Credit Card
2589,3.51,21.81,4.03,0.0,0,25.84,Credit Card
3749,4.86,25.86,1.07,0.0,3,29.93,Credit Card
1021,1.93,13.96,1.75,0.0,0,15.71,Credit Card
2315,1.69,14.11,0.69,0.0,0,14.8,Credit Card
121,2.71,9.26,0.72,0.0,1,10.98,Credit Card
2847,3.71,22.71,4.17,0.0,0,26.88,Cash
2278,2.26,15.39,0.63,0.0,0,16.02,Cash
3852,2.22,22.27,3.47,0.0,0,25.74,Cash
3130,3.55,23.08,2.77,0.0,0,25.85,Cash
203,2.76,9.85,0.14,0.0,0,9.99,Cash
783,3.92,15.2,1.23,0.0,1,17.43,Mobile
771,2.18,10.11,1.85,0.0,0,11.96,Credit Card
4463,1.81,23.75,3.48,0.0,2,29.23,Credit Card
3932,1.73,19.32,0.05,0.0,0,19.37,Cash
916,1.0,8.99,1.63,0.0,0,10.62,Credit Card
4904,2.86,28.06,0.98,0.0,2,31.04,Credit Card
2891,1.5,16.73,0.31,0.0,0,17.04,Credit Card
4689,5.08,28.99,5.3,0.0,0,34.29,Cash
1164,1.19,11.34,1.81,0.0,0,13.15,Credit Card
3836,2.04,18.63,2.67,0.0,2,23.3,Credit Card
3480,1.25,18.45,0.97,0.0,0,19.42,Credit Card
5303,1.98,24.94,2.55,1.0,0,28.49,Mobile
2356,1.1,14.7,0.47,0.0,0,15.17,Mobile
4614,1.09,22.61,0.24,0.0,0,22.85,Mobile
403,1.88,11.31,1.69,1.0,0,14.0,Credit Card
3764,2.89,22.88,2.46,0.0,3,28.34,Credit Card
3051,5.3,27.85,0.56,0.0,0,28.41,Cash
3478,4.89,26.87,0.47,0.0,0,27.34,Cash
4295,0.96,21.36,3.08,0.0,0,24.44,Credit Card
4615,1.67,20.58,2.07,0.0,1,23.65,Cash
473,6.81,20.69,0.88,0.0,0,21.57,Credit Card
4760,1.47,25.29,4.76,1.0,0,31.05,Cash
2522,1.72,15.93,2.1,0.0,0,18.03,Cash
1523,1.47,10.78,1.37,0.0,0,12.15,No Charge
380,2.82,11.25,0.23,0.0,0,11.48,Credit Card
4620,3.63,26.96,4.75,0.0,0,31.71,Credit Card
3899,2.21,21.15,1.91,0.0,0,23.06,Cash
3201,1.35,16.22,2.33,0.0,2,20.55,Cash
316,3.4,11.51,1.24,0.0,0,12.75,Credit Card
60,2.26,7.76,0.82,0.0,0,8.58,Credit Card
1651,0.92,9.05,0.45,0.0,0,9.5,Credit Card
1112,1.18,10.1,1.85,0.0,0,11.95,No Charge
4101,4.32,28.71,0.62,0.0,0,29.33,Credit Card
4223,4.77,26.07,4.28,0.0,3,33.35,Mobile
1151,2.01,9.97,1.34,0.0,0,11.31,No Charge
1887,3.27,15.91,0.08,0.0,0,15.99,Cash
358,3.59,11.99,0.1,0.0,1,13.09,Credit Card
4561,1.65,21.4,3.36,0.0,0,24.76,Credit Card
276,1.71,8.47,0.69,0.0,0,9.16,Credit Card
3278,2.69,19.51,1.67,0.0,0,21.18,Credit Card
3356,3.14,22.38,0.25,3.0,1,26.63,Credit Card
5328,1.14,22.88,3.67,0.0,0,26.55,Credit Card
2457,1.73,10.55,0.25,0.0,0,10.8,Cash
4138,3.16,26.17,2.28,0.0,0,28.45,Cash
1496,5.07,20.45,3.47,0.0,0,23.92,Cash
556,1.74,4.0,0.34,0.0,0,4.34,Credit Card
4486,1.31,20.83,1.1,1.0,0,22.93,Cash
4533,1.49,22.7,0.49,0.0,1,24.19,Credit Card
4997,1.57,23.22,1.11,0.0,0,24.33,Credit Card
3605,1.88,20.92,2.11,0.0,0,23.03,Cash
659,0.91,7.85,0.21,0.0,0,8.06,Credit Card
1235,3.24,11.12,0.62,0.0,0,11.74,Cash
3095,0.57,11.18,1.01,0.0,0,12.19,Credit Card
2819,0.75,16.01,2.05,0.0,0,18.06,Cash
566,1.4,10.91,1.03,0.0,0,11.94,Mobile
916,2.87,11.77,1.71,0.0,1,14.48,Cash
3397,1.26,18.08,3.27,0.0,1,22.35,Cash
2052,2.51,15.87,1.8,0.0,0,17.67,Credit Card
4918,2.09,24.01,1.21,0.0,0,25.22,Cash
4037,0.72,17.28,1.38,0.0,0,18.66,Cash
2548,4.23,21.59,3.8,0.0,3,28.39,Cash
2480,1.83,14.5,0.9,0.0,1,16.4,Credit Card
605,2.1,9.8,1.7,0.0,0,11.5,Credit Card
3592,0.86,15.6,0.07,0.0,0,15.67,Cash
4392,1.88,19.5,1.24,1.0,2,23.74,Credit Card
4862,3.41,27.3,3.91,0.0,0,31.21,Cash
1324,1.74,11.29,1.95,0.0,0,13.24,Credit Card
3806,1.19,19.4,1.87,0.0,0,21.27,Cash
2063,1.95,14.89,1.95,0.0,0,16.84,Cash
551,1.98,9.8,1.53,0.0,5,16.33,Credit Card
854,3.44,13.2,0.42,0.0,0,13.62,Credit Card
2262,3.95,19.27,3.57,0.0,0,22.84,Cash
124,4.09,13.69,2.3,0.0,2,17.99,Credit Card
1748,2.07,12.53,1.02,0.0,3,16.55,Credit Card
2675,5.82,26.19,4.63,0.0,1,31.82,Cash
2614,0.61,13.8,1.74,0.0,2,17.54,Cash
4733,2.97,25.11,3.21,0.0,0,28.32,Credit Card
4849,1.66,22.42,0.9,0.0,0,23.32,Cash
2175,0.7,12.07,0.97,0.0,0,13.04,Credit Card
1891,1.14,11.31,0.43,0.0,0,11.74,Credit Card
5252,2.32,26.88,3.5,0.0,0,30.38,Credit Card
4019,2.35,23.14,4.06,0.0,0,27.2,Credit Card
954,1.59,10.79,0.49,3.0,2,16.28,Credit Card
2560,2.35,17.93,0.19,0.0,2,20.12,Credit Card
3175,1.45,14.86,1.09,0.0,5,20.95,Cash
4533,3.04,27.51,1.79,0.0,3,32.3,Credit Card
2802,2.44,20.07,0.17,0.0,0,20.24,Credit Card
1318,1.04,10.38,0.13,0.0,0,10.51,Credit Card
5164,2.25,25.13,4.16,0.0,3,32.29,Cash
2855,3.33,18.51,1.67,1.0,0,21.18,Credit Card
3044,1.32,16.4,1.07,0.0,2,19.47,Mobile
3433,0.87,16.75,1.04,0.0,0,17.79,Credit Card
5087,1.53,24.14,2.1,0.0,0,26.24,Credit Card
2071,2.97,17.3,0.17,0.5,2,19.97,Credit Card
4666,1.54,20.37,0.07,0.0,0,20.44,Cash
3069,3.04,21.09,1.65,0.0,0,22.74,Cash
4804,0.79,20.08,3.69,0.0,1,24.77,Credit Card
1644,1.13,11.4,1.44,0.0,1,13.84,Cash
4713,2.63,24.26,2.93,0.0,1,28.19,No Charge
5332,2.39,25.71,3.46,1.0,1,31.17,Credit Card
2744,1.72,15.19,0.07,0.0,0,15.26,Credit Card
3729,1.37,18.48,3.34,0.0,0,21.82,Cash
4491,3.45,24.83,3.48,0.0,0,28.31,Credit Card
3421,1.74,19.18,1.92,0.0,0,21.1,Credit Card
5029,5.22,34.04,0.45,0.0,0,34.49,Credit Card
5050,2.0,25.93,0.69,0.0,1,27.62,Cash
991,2.04,12.29,1.46,1.0,2,16.75,Cash
2413,1.49,13.69,1.24,0.0,0,14.93,Credit Card
4383,3.95,27.03,2.75,0.0,1,30.78,Credit Card
5299,0.9,24.4,4.75,0.0,0,29.15,Credit Card
4910,3.2,27.24,4.51,0.0,2,33.75,Cash
540,1.62,9.03,0.07,0.0,0,9.1,Mobile
4420,0.99,20.58,3.02,0.0,2,25.6,Credit Card
5337,2.28,26.24,0.56,0.0,0,26.8,Credit Card
710,1.19,7.06,0.66,0.0,2,9.72,Credit Card
3903,4.48,25.18,4.74,0.0,1,30.92,Cash
2565,1.43,17.66,0.42,0.0,1,19.08,Credit Card
3156,1.03,15.92,1.49,0.0,0,17.41,Cash
5227,0.96,22.11,2.84,0.0,0,24.95,Credit Card
1963,5.15,19.38,3.36,0.0,2,24.74,Credit Card
1527,2.29,15.16,0.4,0.0,0,15.56,Credit Card
1144,1.52,11.08,1.38,0.0,0,12.46,Credit Card
1127,3.06,14.26,1.51,0.0,1,16.77,Cash
5306,1.95,24.99,1.51,0.0,0,26.5,Credit Card
1391,1.96,11.39,2.16,0.0,0,13.55,Credit Card
1316,3.65,16.23,1.02,0.0,0,17.25,Credit Card
2746,3.15,16.46,1.84,0.0,0,18.3,Cash
4759,0.77,20.69,3.46,0.0,2,26.15,Credit Card
4520,2.08,23.43,0.41,3.0,0,26.84,Credit Card
364,3.42,11.23,1.21,0.0,0,12.44,Cash
655,2.45,9.93,0.55,0.0,1,11.48,Credit Card
4338,2.22,21.18,3.38,0.0,0,24.56,Cash
3989,0.58,17.7,1.48,0.0,3,22.18,Credit Card
4703,3.87,28.12,3.88,0.0,0,32.0,Credit Card
1000,1.33,11.43,0.24,0.0,0,11.67,Mobile
1367,2.04,14.36,1.31,0.0,0,15.67,Credit Card
5335,3.37,29.99,1.62,1.0,0,32.61,Cash
5276,3.86,29.7,4.56,0.0,0,34.26,Cash
3601,1.27,17.03,0.54,0.0,0,17.57,Credit Card
2045,2.63,16.79,1.46,0.0,0,18.25,Cash
4134,1.56,20.55,2.26,0.0,0,22.81,Cash
905,1.93,11.55,0.33,0.0,0,11.88,Credit Card
3498,2.13,22.48,4.25,0.0,0,26.73,Cash
2300,3.93,20.01,3.41,0.0,0,23.42,Mobile
4604,1.55,20.47,1.7,0.0,0,22.17,Credit Card
5252,5.38,30.64,4.52,0.0,1,36.16,Credit Card
2352,2.52,18.58,3.28,0.0,1,22.86,Cash
666,0.5,7.69,0.67,0.0,1,9.36,Cash
5318,1.98,23.16,3.26,0.0,0,26.42,Credit Card
3760,0.73,17.42,1.86,0.0,3,22.28,Credit Card
1462,2.5,11.5,0.72,0.0,2,14.22,Cash
786,2.04,9.47,0.6,0.0,0,10.07,Credit Card
2042,2.06,15.28,0.05,0.0,0,15.33,Credit Card
3719,7.77,33.41,4.01,0.0,3,40.42,Credit Card
1706,1.61,14.53,2.77,0.0,0,17.3,Credit Card
883,2.63,9.95,1.58,0.0,0,11.53,Credit Card
2071,13.43,36.92,5.91,0.0,2,44.83,Credit Card
5099,3.99,31.71,1.42,0.0,0,33.13,Cash
1739,2.44,14.78,0.52,0.0,0,15.3,Credit Card
4939,2.77,26.32,1.22,0.0,1,28.54,Credit Card
2245,1.84,15.19,1.01,0.0,0,16.2,Cash
5316,3.41,27.12,5.17,0.0,0,32.29,Cash
5111,1.01,19.58,2.66,0.0,0,22.24,Mobile
4750,2.27,23.28,0.26,0.0,0,23.54,Credit Card
386,1.34,5.73,0.04,1.0,0,6.77,Credit Card
2120,2.74,13.9,2.34,0.0,0,16.24,Credit Card
4412,4.58,27.92,3.24,0.0,1,32.16,Cash
2547,0.93,12.4,2.21,0.0,0,14.61,Credit Card
3294,2.11,20.73,0.54,0.0,0,21.27,Cash
1736,2.69,16.72,0.14,0.0,1,17.86,Credit Card
3462,1.43,19.02,3.48,0.0,3,25.5,Credit Card
2688,2.31,16.71,3.01,0.0,0,19.72,Credit Card
4555,3.27,27.62,4.36,0.0,2,33.98,Credit Card
1330,2.4,10.22,1.23,0.0,0,11.45,Credit Card
1110,1.55,12.8,1.53,0.0,0,14.33,Cash
5186,3.78,29.49,1.89,0.0,0,31.38,Cash
2770,5.46,24.58,2.12,0.0,0,26.7,Credit Card
2291,2.3,16.32,0.31,0.0,0,16.63,Credit Card
777,3.98,15.48,2.01,0.0,0,17.49,Cash
1854,2.53,15.89,1.82,0.0,0,17.71,Cash
4316,0.97,20.08,1.36,0.0,0,21.44,Credit Card
5054,3.43,29.85,5.23,0.0,0,35.08,Cash
475,4.17,14.9,2.66,0.0,0,17.56,Cash
1915,4.46,19.84,1.92,0.0,0,21.76,Mobile
660,1.94,7.44,0.93,0.0,0,8.37,Credit Card
2310,10.5,32.46,2.39,0.0,1,35.85,Credit Card
379,3.04,10.8,1.35,0.0,0,12.15,Credit Card
3413,2.1,19.31,1.96,0.0,0,21.27,Credit Card
2551,0.99,13.62,0.27,0.0,2,15.89,Credit Card
3961,1.23,18.84,2.73,0.0,0,21.57,Credit Card
638,1.41,10.18,1.8,0.0,0,11.98,Credit Card
2333,0.96,15.15,0.36,5.0,2,22.51,Cash
4133,5.85,28.97,1.27,0.0,0,30.24,Cash
1246,3.26,11.82,0.61,0.0,0,12.43,Cash
1563,0.58,10.72,0.57,0.0,0,11.29,Cash
3380,2.11,17.7,3.2,0.0,0,20.9,Credit Card
4270,2.44,21.51,0.2,0.0,3,24.71,Cash
968,2.1,10.4,0.04,0.0,0,10.44,Cash
2186,10.74,37.09,7.13,0.0,0,44.22,Cash
3364,1.36,19.63,1.23,0.0,3,23.86,Credit Card
5004,5.59,33.06,3.82,0.0,0,36.88,Cash
3491,1.91,18.83,2.58,0.5,0,21.91,Credit Card
2862,7.93,32.77,6.16,0.0,3,41.93,Credit Card
3471,0.34,16.8,1.79,0.0,0,18.59,Credit Card
607,2.33,8.84,0.34,0.0,2,11.18,Credit Card
1939,6.97,27.41,1.62,0.0,0,29.03,Cash
3066,2.92,19.14,1.8,0.0,1,21.94,Credit Card
2176,1.01,12.04,2.0,0.0,0,14.04,Credit Card
535,0.7,6.34,0.56,0.0,0,6.9,No Charge
1475,1.26,10.75,0.78,0.0,0,11.53,Credit Card
260,0.98,4.59,0.86,0.0,1,6.45,Cash
4275,0.89,22.49,1.95,0.0,1,25.44,Cash
3214,5.67,24.32,3.96,0.0,1,29.28,Credit Card
3884,2.02,20.6,1.06,0.0,0,21.66,Credit Card
2955,1.16,13.58,0.06,0.0,0,13.64,Credit Card
3752,1.02,19.94,1.72,0.0,0,21.66,Cash
3199,0.88,15.24,1.43,0.0,2,18.67,Credit Card
5246,2.81,27.62,0.62,0.0,2,30.24,Cash
1808,2.39,13.67,2.14,0.0,0,15.81,Cash
4795,1.24,21.1,4.1,0.0,1,26.2,Cash
571,5.59,16.92,1.66,0.0,0,18.58,Cash
2351,1.17,13.48,0.54,0.0,1,15.02,Cash
5199,1.37,24.2,0.4,0.0,0,24.6,Credit Card
4107,2.29,22.13,1.27,0.0,1,24.4,Credit Card
2824,1.05,13.39,0.26,0.0,0,13.65,Cash
3499,2.61,22.81,4.51,0.0,0,27.32,Credit Card
4041,0.85,18.57,0.73,0.0,0,19.3,Credit Card
2927,1.21,15.13,0.23,0.0,0,15.36,Cash
4408,5.24,29.95,0.87,0.0,0,30.82,Credit Card
807,2.22,11.04,1.05,0.0,0,12.09,Cash
3765,2.58,22.06,3.28,0.0,1,26.34,Cash
2696,1.47,15.73,0.89,0.0,0,16.62,Credit Card
3861,3.32,24.96,1.49,0.0,0,26.45,Cash
1218,1.87,10.7,0.66,0.0,0,11.36,Cash
239,1.08,6.35,0.68,0.0,0,7.03,Cash
4377,5.04,29.42,1.56,0.0,0,30.98,Credit Card
290,2.43,10.37,1.03,0.0,0,11.4,Cash
4007,3.95,28.63,4.07,0.0,1,33.7,Credit Card
1743,1.77,13.18,2.23,0.0,2,17.41,Credit Card
1016,1.2,8.59,0.25,0.0,0,8.84,Cash
2642,2.66,19.04,1.71,0.0,0,20.75,Credit Card
542,2.7,13.08,0.76,0.0,0,13.84,Credit Card
3998,2.74,22.01,3.05,0.0,0,25.06,Cash
639,3.05,12.99,0.42,0.0,1,14.41,Credit Card
4096,1.32,19.57,3.34,0.0,0,22.91,Credit Card
4244,6.44,34.41,0.74,1.5,0,36.65,Cash
2325,3.06,18.75,1.56,1.0,0,21.31,Credit Card
5087,3.43,26.84,3.81,0.0,0,30.65,Credit Card
4612,0.65,19.81,1.53,0.0,0,21.34,Credit Card
1607,0.78,10.39,1.66,0.0,0,12.05,Credit Card
4993,1.08,24.45,3.09,0.0,0,27.54,Credit Card
643,0.74,6.45,0.07,0.0,0,6.52,Mobile
4806,1.69,22.98,4.07,0.0,1,28.05,No Charge
3839,2.58,23.31,1.98,0.0,0,25.29,Credit Card
1823,2.38,12.19,1.83,0.0,0,14.02,Cash
2850,3.11,21.82,3.63,0.0,2,27.45,Credit Card
1315,9.25,33.39,1.35,0.0,0,34.74,No Charge
3294,0.96,16.83,0.69,0.0,1,18.52,Credit Card
416,1.21,8.19,0.09,0.0,1,9.28,No Charge
2739,3.87,22.67,1.36,0.0,0,24.03,Credit Card
3826,1.41,19.41,2.96,0.0,0,22.37,Credit Card
4384,0.89,19.85,3.51,0.0,0,23.36,Cash
251,1.2,6.3,1.26,0.0,0,7.56,Credit Card
3183,2.32,20.49,3.74,0.0,0,24.23,Credit Card
4487,2.11,21.53,2.44,0.0,0,23.97,Cash
4343,2.03,22.4,2.19,0.0,0,24.59,Credit Card
4973,2.48,26.61,4.75,0.0,0,31.36,Credit Card
3572,2.61,21.71,1.17,0.0,0,22.88,Cash
1921,0.97,11.59,2.21,0.0,0,13.8,Mobile
3717,1.37,17.43,0.65,0.0,1,19.08,Credit Card
1294,3.12,14.96,1.6,0.0,0,16.56,Cash
3993,2.55,21.96,3.0,0.0,0,24.96,Mobile
1284,0.92,8.39,0.53,0.0,3,11.92,Credit Card
3147,1.86,16.03,2.6,0.0,0,18.63,Credit Card
2361,2.28,14.08,2.19,0.0,0,16.27,Credit Card
1981,0.92,10.94,1.56,0.0,2,14.5,Credit Card
4674,0.35,18.1,0.78,0.0,0,18.88,Credit Card
2176,1.12,12.69,0.44,0.0,1,14.13,Credit Card
3456,3.75,22.11,0.87,0.0,2,24.98,Credit Card
179,0.88,5.14,0.54,0.0,0,5.68,Mobile
3839,2.28,19.73,3.89,0.0,0,23.62,Credit Card
258,0.96,8.26,1.32,0.0,0,9.58,Cash
3076,1.48,15.25,1.92,1.0,0,18.17,Cash
2542,7.02,29.27,0.85,0.0,0,30.12,Credit Card
4350,2.81,24.33,4.52,0.0,1,29.85,Credit Card
4342,6.04,33.18,3.15,0.0,0,36.33,Credit Card
2820,0.43,11.32,1.63,0.0,0,12.95,Cash
3836,2.02,21.85,2.25,0.0,0,24.1,Cash
621,3.31,12.43,2.03,0.0,0,14.46,Credit Card
2115,2.53,14.86,2.53,0.0,0,17.39,Cash
3167,2.11,17.11,0.53,0.0,0,17.64,Credit Card
2620,1.19,13.16,2.38,0.0,0,15.54,Credit Card
1729,4.66,20.42,1.29,0.0,1,22.71,Credit Card
4535,1.48,22.24,0.08,0.0,0,22.32,Cash
891,5.56,18.82,3.24,0.0,0,22.06,Credit Card
4266,2.16,23.76,1.57,0.0,0,25.33,No Charge
1246,4.17,16.86,1.34,0.0,2,20.2,Cash
3318,1.05,15.91,1.08,0.0,0,16.99,Credit Card
2974,2.15,17.89,3.24,0.0,1,22.13,Credit Card
4593,3.37,23.43,2.54,0.0,0,25.97,Credit Card
2317,1.21,13.62,1.67,0.0,0,15.29,Cash
5288,1.03,21.04,4.13,0.5,0,25.67,Credit Card
604,1.42,8.76,0.81,0.0,2,11.57,Credit Card
3386,1.45,16.82,3.06,0.0,3,22.88,Cash
926,5.97,20.28,0.12,0.0,2,22.4,Mobile
5239,0.54,22.24,3.65,0.0,0,25.89,Credit Card
4044,1.36,20.92,2.92,0.0,0,23.84,Credit Card
476,5.22,15.74,1.98,0.0,0,17.72,Cash
4429,1.82,22.15,1.3,0.0,0,23.45,Credit Card
4203,4.72,28.48,1.53,0.0,1,31.01,Credit Card
1365,2.01,12.86,1.45,0.0,0,14.31,Cash
573,1.53,7.65,0.6,0.0,0,8.25,Credit Card
587,5.92,19.26,0.66,1.5,0,21.42,Credit Card
1243,2.95,13.79,2.54,0.0,0,16.33,Cash
624,1.94,8.46,1.59,0.0,1,11.05,Credit Card
1871,0.98,8.76,0.16,0.0,0,8.92,Cash
3288,1.74,19.17,0.08,0.0,0,19.25,Credit Card
683,1.29,10.67,1.97,0.0,0,12.64,Credit Card
3053,1.06,14.46,0.62,0.0,0,15.08,Mobile
3883,3.85,23.41,1.71,0.0,2,27.12,Credit Card
953,1.03,10.45,1.15,1.0,2,14.6,Credit Card
1925,0.92,13.06,0.66,1.0,0,14.72,Cash
4765,4.04,29.59,1.63,0.0,0,31.22,Credit Card
960,1.95,11.28,0.32,0.0,0,11.6,Cash
81,0.61,5.36,0.25,0.0,1,6.61,Credit Card
1206,2.63,12.23,2.02,0.0,0,14.25,Credit Card
2867,1.13,18.67,0.31,0.0,0,18.98,Credit Card
192,1.91,7.5,0.07,0.0,0,7.57,Credit Card
3885,2.71,20.94,4.01,0.0,0,24.95,Credit Card
5189,6.19,35.69,1.57,0.0,0,37.26,Credit Card
2400,2.96,17.27,1.88,0.0,1,20.15,Credit Card
5139,1.0,21.81,3.13,1.0,3,28.94,Cash
1717,4.46,21.11,3.25,0.0,0,24.36,Credit Card
1418,1.4,10.4,1.34,0.0,0,11.74,Cash
4272,1.07,21.9,3.67,0.0,1,26.57,Credit Card
3794,2.82,22.77,4.44,0.0,0,27.21,Credit Card
399,2.56,8.56,0.4,0.0,2,10.96,Credit Card
307,0.87,6.3,1.03,0.0,0,7.33,Credit Card
183,3.26,10.72,1.36,0.0,0,12.08,Mobile
1926,1.85,13.39,2.32,0.5,0,16.21,Cash
2951,6.16,27.22,0.72,0.0,0,27.94,Cash
3671,0.85,14.47,1.09,0.0,2,17.56,Credit Card
376,1.4,7.68,1.16,0.0,0,8.84,Credit Card
1275,4.05,17.93,0.44,0.0,0,18.37,Credit Card
4773,2.22,24.72,4.87,0.0,0,29.59,Credit Card
1871,1.7,12.47,0.5,0.0,0,12.97,Credit Card
116,2.66,11.41,0.57,0.0,0,11.98,Credit Card
760,0.41,7.18,0.18,0.0,0,7.36,Credit Card
4521,2.35,24.45,4.17,0.0,0,28.62,Credit Card
868,1.54,9.75,1.67,0.0,0,11.42,Credit Card
3874,0.7,20.12,0.93,0.0,0,21.05,Credit Card
93,2.87,13.03,0.84,0.0,0,13.87,Credit Card
3365,1.61,15.41,1.46,0.0,0,16.87,Credit Card
1868,4.23,16.88,0.24,0.0,0,17.12,Credit Card
2623,2.71,17.69,2.19,0.0,2,21.88,Credit Card
2333,2.08,14.87,2.48,0.0,0,17.35,Cash
5280,2.06,27.85,4.23,0.0,0,32.08,Cash
2316,3.77,19.24,0.77,0.0,0,20.01,Cash
5300,0.72,22.16,4.14,0.0,0,26.3,Credit Card
1581,5.05,17.36,1.57,0.0,2,20.93,Cash
3791,3.03,22.8,1.01,0.0,2,25.81,Credit Card
2899,5.62,26.55,3.68,0.0,1,31.23,Mobile
3003,1.64,18.02,0.4,0.0,0,18.42,Credit Card
195,1.6,5.59,0.37,1.5,0,7.46,Credit Card
1007,1.14,9.39,1.52,1.0,0,11.91,Credit Card
2226,3.28,20.63,1.34,0.0,0,21.97,Credit Card
1992,1.26,14.96,1.86,0.0,1,17.82,Cash
3332,3.14,22.58,2.98,0.0,0,25.56,Credit Card
131,2.48,10.64,0.83,0.0,0,11.47,Credit Card
4140,1.7,19.13,3.15,1.0,1,24.28,Credit Card
561,1.94,7.77,0.99,0.0,0,8.76,Cash
5361,3.34,28.05,0.25,0.0,0,28.3,Mobile
1225,1.83,9.94,1.42,1.0,5,17.36,Credit Card
2406,2.94,14.96,0.81,0.0,0,15.77,Credit Card
2191,0.57,11.33,1.89,0.0,2,15.22,No Charge
5080,1.07,24.07,4.4,0.0,2,30.47,Credit Card
4965,1.43,23.62,3.18,0.0,3,29.8,Credit Card
4953,3.68,27.79,4.62,0.0,0,32.41,Cash
4255,1.44,21.81,4.07,0.0,2,27.88,Credit Card
803,2.9,12.34,0.8,0.0,0,13.14,Credit Card
1518,1.47,10.25,0.17,0.0,2,12.42,Cash
2734,1.07,15.46,0.51,0.0,1,16.97,Credit Card
3071,1.7,17.16,2.12,0.0,0,19.28,Cash
1257,1.75,11.88,1.24,0.0,0,13.12,Credit Card
4164,3.06,23.89,3.74,0.0,2,29.63,Cash
4295,3.24,22.8,0.64,0.0,0,23.44,Credit Card
3936,3.48,25.05,1.7,0.0,0,26.75,Credit Card
3985,4.67,25.23,1.94,0.0,1,28.17,Cash
4582,2.19,24.18,3.05,0.0,0,27.23,Credit Card
5258,0.87,22.7,0.35,0.0,0,23.05,Credit Card
2418,1.02,12.77,0.63,0.0,0,13.4,Credit Card
376,1.67,8.21,1.4,0.0,0,9.61,Credit Card
5096,4.3,30.16,4.39,0.0,0,34.55,Cash
2372,1.15,13.36,2.17,0.0,0,15.53,Credit Card
2735,1.02,13.96,2.14,0.0,0,16.1,Credit Card
2006,2.57,16.49,1.04,0.0,0,17.53,Credit Card
4062,1.45,18.44,0.45,0.0,0,18.89,Cash
3561,3.79,19.82,3.38,0.0,0,23.2,Credit Card
829,1.53,8.37,1.0,0.0,1,10.37,Credit Card
2894,1.8,17.48,0.83,0.0,2,20.31,Credit Card
3704,1.94,21.47,0.83,0.0,2,24.3,Credit Card
3104,1.81,18.55,0.52,0.0,0,19.07,Credit Card
2820,1.31,16.62,3.21,0.0,0,19.83,Credit Card
818,1.13,10.09,0.19,0.0,1,11.28,Credit Card
1805,2.76,13.24,0.9,0.0,0,14.14,Credit Card
5085,1.69,21.78,1.04,0.0,0,22.82,Credit Card
3914,1.91,19.4,0.23,0.0,0,19.63,Cash
1795,0.88,12.19,0.91,0.0,1,14.1,Cash
2107,1.96,13.59,2.63,0.0,0,16.22,Cash
2159,2.59,16.75,1.82,0.0,0,18.57,Credit Card
1305,3.02,13.08,1.17,0.0,1,15.25,Credit Card
1280,6.3,21.88,2.9,5.0,0,29.78,Credit Card
1059,1.58,10.38,0.21,0.0,1,11.59,Credit Card
1679,1.96,14.35,2.65,0.0,0,17.0,Credit Card
1144,1.02,9.42,1.54,0.0,0,10.96,Cash
2082,0.8,12.68,2.06,0.0,0,14.74,Credit Card
2633,3.46,20.68,3.71,0.0,5,29.39,Cash
1451,0.88,7.53,0.09,0.0,0,7.62,Credit Card
4898,2.34,26.0,1.29,0.0,0,27.29,Credit Card
2481,3.22,21.34,0.89,0.0,0,22.23,Credit Card
3304,5.82,25.33,0.69,1.0,0,27.02,Credit Card
4508,3.41,25.07,1.78,0.0,1,27.85,Credit Card
1244,3.85,18.36,1.69,0.0,0,20.05,Credit Card
4565,3.14,24.59,2.65,0.0,0,27.24,Credit Card
5253,3.95,30.03,1.46,0.0,0,31.49,Credit Card
3329,1.36,16.67,1.6,0.0,0,18.27,Cash
3527,7.68,32.39,2.33,1.5,1,37.22,Credit Card
3011,1.45,16.52,3.0,0.0,2,21.52,Mobile
1902,1.41,10.32,0.28,0.0,0,10.6,Credit Card
3276,4.63,23.28,0.05,0.0,0,23.33,Credit Card
2232,8.44,30.25,2.27,0.0,3,35.52,Credit Card
2752,3.48,18.3,3.5,0.0,0,21.8,Cash
822,3.45,13.61,1.13,0.0,0,14.74,Mobile
439,1.43,5.49,0.2,0.0,0,5.69,Credit Card
2375,1.73,15.68,0.74,0.0,0,16.42,Credit Card
604,1.13,8.15,1.34,0.0,1,10.49,Cash
4502,1.29,20.48,3.92,1.5,0,25.9,Credit Card
2616,5.89,25.6,2.95,0.0,0,28.55,Credit Card
5398,0.89,27.89,2.27,0.0,1,31.16,Cash
454,3.52,11.54,0.06,0.5,1,13.1,Credit Card
468,4.18,12.55,0.75,0.5,0,13.8,Credit Card
752,1.84,7.08,0.32,0.0,3,10.4,Credit Card
1862,2.33,14.37,2.12,0.0,0,16.49,Credit Card
3401,0.3,17.97,0.61,0.0,0,18.58,Cash
1997,2.3,13.71,1.95,0.0,0,15.66,Cash
5109,1.18,22.8,2.95,0.0,0,25.75,Credit Card
5353,0.52,23.7,4.11,0.0,0,27.81,Cash
245,2.67,10.13,1.92,0.0,0,12.05,Credit Card
3510,1.19,16.21,0.41,0.0,0,16.62,Credit Card
3276,1.86,16.77,1.36,0.0,0,18.13,Cash
4648,1.94,22.5,0.1,0.0,1,23.6,Cash
2476,3.01,17.27,3.28,0.0,0,20.55,Credit Card
539,1.76,6.95,1.02,0.0,2,9.97,Credit Card
270,1.65,7.52,0.58,0.0,3,11.1,Cash
936,1.52,9.82,1.89,0.0,3,14.71,Credit Card
4227,1.77,22.17,4.08,0.0,0,26.25,Credit Card
548,3.51,15.81,0.07,0.0,0,15.88,Credit Card
3822,3.38,22.53,3.22,1.0,0,26.75,Credit Card
723,1.51,11.0,0.07,0.0,0,11.07,Credit Card
5049,1.96,26.84,5.14,0.0,0,31.98,Credit Card
678,1.74,9.7,1.67,0.0,0,11.37,Credit Card
3605,1.01,15.8,0.59,0.0,0,16.39,Credit Card
145,7.27,18.83,3.54,0.0,0,22.37,Credit Card
3880,1.28,18.59,3.02,0.0,0,21.61,Credit Card
420,2.91,14.07,0.91,0.0,0,14.98,Credit Card
1982,2.12,15.43,1.93,0.0,0,17.36,Credit Card
4626,3.71,27.05,4.85,0.0,0,31.9,Cash
3152,0.49,13.86,0.17,0.0,0,14.03,Credit Card
1876,3.13,15.96,1.99,0.0,3,20.95,Credit Card
3373,2.82,23.47,0.06,0.0,0,23.53,Cash
3369,0.41,14.86,2.56,0.0,5,22.42,Credit Card
682,2.38,11.94,1.27,0.0,2,15.21,Cash
2579,2.97,16.8,2.88,0.0,0,19.68,Credit Card
1123,0.98,10.75,0.79,0.0,0,11.54,Credit Card
2617,1.48,16.53,0.74,0.0,1,18.27,Cash
1320,1.76,10.92,0.3,0.0,0,11.22,Credit Card
1424,1.24,8.87,0.81,0.0,0,9.68,Credit Card
3316,1.63,18.28,0.82,0.0,0,19.1,Credit Card
2560,5.97,24.76,0.54,0.0,0,25.3,Cash
2959,2.9,18.09,0.72,1.5,0,20.31,Credit Card
708,2.36,10.73,1.05,0.0,1,12.78,Credit Card
1783,3.42,20.32,2.08,0.0,0,22.4,Cash
1851,1.24,12.13,0.09,0.0,0,12.22,Credit Card
4277,0.84,17.83,2.39,0.0,0,20.22,Mobile
2031,1.62,14.88,2.83,0.0,0,17.71,Cash
3754,2.26,18.61,3.18,0.0,0,21.79,Credit Card
4650,2.36,24.73,1.55,0.0,0,26.28,Credit Card
803,1.53,10.4,0.87,0.0,1,12.27,Credit Card
507,0.68,6.63,0.29,0.0,1,7.92,Credit Card
4277,2.57,23.39,1.22,0.0,0,24.61,Credit Card
1718,1.18,10.33,1.22,0.0,0,11.55,Credit Card
1713,1.29,8.16,0.71,0.0,0,8.87,Credit Card
5392,3.27,30.05,3.93,0.0,0,33.98,Credit Card
2549,1.99,15.66,0.88,0.0,0,16.54,Credit Card
3353,5.32,27.31,3.8,0.0,0,31.11,Cash
1030,1.85,12.29,1.13,0.0,0,13.42,Mobile
1426,1.9,12.72,0.83,0.0,1,14.55,Credit Card
2213,1.71,14.76,2.94,0.0,0,17.7,Credit Card
172,2.05,6.54,0.62,0.0,0,7.16,Credit Card
1286,1.64,10.83,0.11,0.0,0,10.94,Cash
5335,1.91,24.62,4.91,0.0,0,29.53,Credit Card
3976,1.6,19.51,2.51,0.0,0,22.02,Credit Card
3186,2.65,23.69,1.44,0.0,0,25.13,Credit Card
3201,3.22,19.02,0.06,0.0,0,19.08,Credit Card
1851,1.55,14.47,0.9,0.0,0,15.37,Credit Card
4766,1.6,22.27,0.32,0.0,0,22.59,Cash
2549,2.79,16.51,0.83,0.0,0,17.34,Credit Card
904,5.49,18.02,1.9,0.0,1,20.92,Credit Card
370,1.31,5.85,0.07,0.0,0,5.92,Credit Card
3128,1.84,17.35,2.04,0.0,0,19.39,Mobile
701,2.47,7.93,1.14,0.0,0,9.07,Cash
2580,9.18,31.08,4.27,0.0,0,35.35,Credit Card
4552,1.15,21.49,1.04,0.0,3,25.53,Cash
2602,7.0,25.67,1.1,0.0,0,26.77,Credit Card
3266,3.74,21.61,3.77,0.0,0,25.38,Credit Card
4094,2.44,23.62,3.77,0.0,0,27.39,Credit Card
2266,0.69,13.77,2.45,0.0,0,16.22,Cash
2274,1.28,13.57,2.32,1.5,2,19.39,Credit Card
477,1.77,8.49,1.42,0.0,0,9.91,Credit Card
3772,3.66,22.19,1.64,0.0,1,24.83,Credit Card
141,1.69,7.58,1.12,0.0,1,9.7,Credit Card
1548,2.94,17.04,1.48,0.0,0,18.52,Cash
1517,2.3,13.8,0.07,0.0,0,13.87,Cash
738,1.51,8.93,0.05,0.0,0,8.98,Credit Card
4104,2.6,19.87,3.3,0.0,0,23.17,Cash
4293,2.82,23.03,4.47,1.0,1,29.5,Cash
739,1.23,7.97,0.76,0.0,0,8.73,Credit Card
2868,2.18,18.16,0.38,0.0,1,19.54,Credit Card
1333,6.56,21.97,0.8,0.5,0,23.27,Credit Card
1383,3.74,16.51,0.03,0.0,1,17.54,Credit Card
894,6.42,19.3,0.08,0.0,2,21.38,Credit Card
2472,2.15,18.04,0.23,0.0,0,18.27,Credit Card
5205,1.49,22.89,2.91,0.0,0,25.8,Cash
3438,1.22,16.01,0.33,0.0,2,18.34,Cash
92,1.45,7.99,1.23,0.0,0,9.22,Mobile
1378,9.66,29.62,2.34,0.0,0,31.96,Mobile
1672,0.93,11.31,2.07,0.0,0,13.38,Cash
1024,0.93,10.49,1.23,0.0,0,11.72,Credit Card
951,0.7,8.53,1.63,0.0,1,11.16,Cash
5349,2.01,23.12,4.5,0.0,5,32.62,Cash
3590,1.99,20.55,3.49,0.0,0,24.04,Credit Card
1044,1.78,7.6,0.91,0.0,0,8.51,Credit Card
2822,2.49,19.83,2.98,0.0,0,22.81,Credit Card
1844,2.06,14.43,1.38,0.0,0,15.81,Cash
1823,0.98,13.18,2.12,0.0,0,15.3,Credit Card
2187,1.76,15.14,2.09,0.0,0,17.23,Credit Card
5064,4.53,30.34,4.78,0.0,1,36.12,Mobile
4658,1.29,23.63,1.02,0.0,0,24.65,Cash
2993,3.23,18.71,2.76,0.0,0,21.47,Credit Card
1545,1.68,10.93,0.27,0.0,0,11.2,Credit Card
4764,3.13,25.62,1.82,0.0,1,28.44,Credit Card
1243,2.21,13.15,2.08,0.0,0,15.23,Credit Card
218,1.6,10.96,1.94,0.0,0,12.9,Credit Card
736,1.66,6.85,0.12,0.0,1,7.97,Credit Card
2889,2.33,19.53,3.47,0.0,0,23.0,Cash
4121,2.47,21.78,0.46,0.0,1,23.24,Cash
1283,3.86,16.57,1.37,0.0,2,19.94,Credit Card
3078,0.74,14.08,0.24,0.0,3,17.32,Credit Card
1578,2.0,11.96,1.95,0.0,1,14.91,Credit Card
563,1.96,8.42,1.22,0.0,3,12.64,Credit Card
3493,2.1,20.0,3.17,0.0,1,24.17,Credit Card
2489,1.09,14.81,1.83,0.5,1,18.14,Cash
2045,1.11,11.57,1.56,0.0,0,13.13,Credit Card
5338,2.67,25.57,2.07,0.0,0,27.64,Cash
5202,2.29,24.1,1.44,0.0,1,26.54,Credit Card
4989,3.67,25.33,1.67,0.0,1,28.0,Cash
1131,0.46,7.39,0.6,0.0,0,7.99,Credit Card
3063,4.25,23.28,1.85,0.0,0,25.13,Credit Card
2162,2.18,16.01,0.61,0.0,2,18.62,Credit Card
1315,2.97,14.27,1.78,0.0,3,19.05,Credit Card
2924,4.22,23.72,0.31,0.0,0,24.03,Credit Card
3205,3.56,22.13,0.76,0.0,3,25.89,Credit Card
4466,1.72,23.89,2.69,0.5,0,27.08,Credit Card
2797,1.67,20.64,0.53,0.0,2,23.17,Credit Card
3175,2.58,19.3,3.72,0.0,0,23.02,Credit Card
5239,2.31,30.25,2.09,0.0,0,32.34,Cash
898,3.95,13.18,0.12,0.0,0,13.3,Cash
140,0.45,6.31,0.17,0.0,0,6.48,Cash
990,2.29,10.2,0.27,0.0,3,13.47,Credit Card
1722,5.42,22.41,1.59,0.0,0,24.0,Mobile
1602,3.26,13.18,1.82,0.0,0,15.0,Credit Card
2212,2.34,14.5,2.58,0.0,0,17.08,Cash
3589,3.81,22.43,0.91,0.0,0,23.34,Cash
3959,1.02,17.88,3.06,0.0,0,20.94,Credit Card
3705,2.09,19.18,1.34,0.0,0,20.52,Cash
4060,2.91,22.67,2.95,0.0,0,25.62,Cash
2859,4.37,25.72,3.11,0.0,0,28.83,Credit Card
3980,1.82,18.53,1.15,0.5,0,20.18,Mobile
4731,1.65,21.41,1.62,0.0,0,23.03,Credit Card
3097,1.62,17.89,2.49,0.0,0,20.38,Credit Card
4321,2.11,24.73,1.52,0.0,0,26.25,Cash
3005,1.12,14.78,1.55,0.0,3,19.33,Cash
1942,2.67,15.15,2.21,0.0,0,17.36,Credit Card
1609,3.16,14.42,0.01,0.0,0,14.43,Credit Card
4599,4.32,25.82,3.69,0.0,0,29.51,Mobile
4699,5.19,33.75,0.71,0.0,0,34.46,Cash
1095,0.96,9.48,1.45,0.0,0,10.93,Cash
2339,3.38,18.05,3.22,0.0,0,21.27,Cash
3416,1.15,16.61,2.19,0.0,1,19.8,Credit Card
1969,1.24,12.6,2.49,0.0,0,15.09,Cash
2803,2.99,21.41,2.18,0.0,1,24.59,Credit Card
4305,1.82,20.76,2.9,0.0,0,23.66,Cash
1382,4.89,21.32,0.72,0.0,2,24.04,Credit Card
3930,1.67,18.78,3.62,0.0,0,22.4,Mobile
2277,3.73,20.28,0.11,0.0,0,20.39,Credit Card
1761,2.78,13.09,0.05,0.0,2,15.14,Credit Card
376,4.82,11.88,1.12,0.0,1,14.0,Cash
186,2.34,9.97,0.76,0.0,0,10.73,Credit Card
1098,2.26,11.07,1.39,0.0,0,12.46,Credit Card
104,1.15,3.96,0.68,0.0,0,4.64,Credit Card
2932,1.53,15.98,2.1,0.0,0,18.08,Cash
4603,1.73,21.03,1.25,0.0,0,22.28,Credit Card
226,0.76,6.67,1.13,0.0,0,7.8,Cash
866,1.66,10.14,0.6,0.0,0,10.74,Credit Card
4709,1.23,20.39,2.08,0.0,1,23.47,Cash
3277,1.97,18.55,2.0,0.0,0,20.55,Cash
4181,1.71,21.45,1.77,0.0,2,25.22,Cash
3214,7.22,31.46,5.76,0.0,0,37.22,Credit Card
5132,1.05,21.45,3.97,0.0,0,25.42,Credit Card
1263,0.89,8.75,1.38,0.0,0,10.13,Credit Card
4554,0.79,19.84,1.03,0.0,0,20.87,Credit Card
2439,1.79,14.74,2.06,0.0,2,18.8,Credit Card
244,3.08,11.64,1.36,0.0,0,13.0,Credit Card
2297,2.56,16.97,0.82,0.0,0,17.79,Cash
2259,2.52,18.95,0.85,0.0,0,19.8,Cash
2744,9.01,30.7,4.48,0.0,0,35.18,Credit Card
954,5.19,16.3,2.45,1.0,0,19.75,Credit Card
4636,5.5,31.26,1.46,0.0,0,32.72,Credit Card
1704,2.34,12.51,1.06,0.0,0,13.57,Mobile
4951,2.56,27.28,1.13,0.0,2,30.41,Credit Card
5399,5.19,30.9,5.95,0.0,0,36.85,Credit Card
522,1.53,8.9,1.13,0.0,1,11.03,Credit Card
3986,2.67,20.26,0.39,0.0,2,22.65,Mobile
2351,0.62,12.82,0.5,0.0,0,13.32,Cash
2826,0.78,10.94,0.04,0.0,0,10.98,Cash
1632,1.66,15.28,0.12,0.0,0,15.4,Credit Card
2203,3.6,19.25,3.28,0.0,0,22.53,Cash
4267,0.94,19.86,2.89,0.0,0,22.75,Cash
3201,3.09,23.41,2.0,0.0,0,25.41,Credit Card
1906,2.74,13.85,0.22,0.0,2,16.07,Credit Card
3852,1.16,16.96,0.2,0.0,2,19.16,Cash
2650,1.96,18.84,3.04,0.0,0,21.88,Cash
3889,4.32,28.75,2.01,0.5,0,31.26,Credit Card
3833,6.05,28.12,2.24,0.0,0,30.36,Credit Card
4728,2.85,23.29,4.65,0.0,0,27.94,Cash
3452,3.41,23.88,3.48,0.0,0,27.36,Cash
4023,0.63,19.29,0.31,0.0,0,19.6,Mobile
4029,1.97,18.53,0.39,1.5,0,20.42,Credit Card
4358,1.4,21.99,2.66,0.0,0,24.65,Cash
2361,2.32,15.81,2.56,0.0,0,18.37,Credit Card
1458,3.39,14.23,0.4,0.0,0,14.63,Credit Card
2950,1.04,16.81,1.44,1.0,0,19.25,Credit Card
2453,3.53,19.71,2.58,0.0,0,22.29,Credit Card
1513,1.09,11.06,1.01,0.0,0,12.07,Cash
1333,0.61,8.6,1.69,0.0,0,10.29,Credit Card
4209,3.48,24.54,2.9,0.0,0,27.44,Cash
3202,5.18,24.71,4.42,0.0,1,30.13,Credit Card
4685,4.54,31.78,5.74,0.0,1,38.52,Credit Card
2926,1.45,16.72,1.91,0.0,0,18.63,Cash
1673,2.75,16.32,0.7,0.0,1,18.02,Cash
4597,0.86,21.59,0.48,0.0,1,23.07,Cash
2718,2.19,17.91,2.07,0.0,0,19.98,Mobile
132,4.77,14.23,1.87,0.0,1,17.1,Credit Card
618,6.75,18.75,2.14,0.0,0,20.89,Credit Card
2866,0.92,13.1,0.11,0.0,0,13.21,Mobile
656,1.83,7.26,0.38,0.0,3,10.64,Mobile
4369,2.21,25.28,4.86,0.0,0,30.14,Cash
832,2.53,11.16,1.56,0.5,0,13.22,Credit Card
2584,3.44,19.3,2.95,0.0,2,24.25,Credit Card
3423,1.24,16.56,0.64,0.0,0,17.2,Cash
190,2.4,9.44,0.44,0.0,0,9.88,Credit Card
4258,1.13,18.9,0.1,0.0,0,19.0,Cash
499,7.17,19.7,3.75,0.0,0,23.45,Cash
749,0.69,5.87,0.11,0.0,0,5.98,Credit Card
305,0.56,5.75,0.4,0.0,2,8.15,Credit Card
5386,0.9,25.44,0.29,0.0,0,25.73,Credit Card
2367,1.48,15.31,3.03,0.0,0,18.34,No Charge
1949,2.19,13.55,0.19,0.0,1,14.74,Cash
1261,2.72,13.23,1.66,0.0,0,14.89,Cash
4830,2.06,24.53,1.64,0.0,0,26.17,Cash
3285,2.57,22.16,1.69,0.0,0,23.85,Cash
5397,2.48,28.23,0.76,0.0,0,28.99,Credit Card
5331,0.62,21.04,2.15,0.0,0,23.19,Credit Card
4551,1.0,22.04,0.2,1.0,1,24.24,Credit Card
4207,2.21,22.98,4.54,0.0,0,27.52,Mobile
2091,1.24,15.08,1.7,0.0,0,16.78,Credit Card
1870,1.55,13.76,1.88,0.0,0,15.64,Credit Card
189,1.96,8.13,0.82,0.0,2,10.95,Credit Card
4281,3.17,24.5,1.84,3.0,0,29.34,Cash
2772,3.75,22.08,0.68,0.0,0,22.76,Cash
4725,3.58,27.06,1.44,0.0,0,28.5,Credit Card
2665,1.83,17.48,1.64,0.0,0,19.12,Cash
92,11.22,29.47,2.06,0.0,0,31.53,Credit Card
78,2.45,6.96,0.05,0.0,1,8.01,Credit Card
4352,1.93,18.64,0.43,0.0,0,19.07,Credit Card
4698,1.56,21.96,3.12,0.0,0,25.08,Mobile
1948,3.23,19.03,1.76,0.0,1,21.79,Credit Card
840,3.43,12.52,2.16,0.0,0,14.68,Credit Card
362,2.16,10.34,0.6,0.0,3,13.94,Cash
3408,1.66,17.65,0.08,0.0,0,17.73,Credit Card
4485,1.48,20.03,3.87,0.0,0,23.9,Credit Card
1461,3.54,17.16,0.01,0.0,0,17.17,Cash
1081,7.12,26.82,3.89,0.0,0,30.71,Cash
2272,1.39,13.44,1.47,0.0,0,14.91,Credit Card
4260,0.95,18.89,0.18,0.0,0,19.07,Credit Card
2569,1.21,15.35,0.15,0.0,3,18.5,Credit Card
2815,3.35,19.67,1.58,0.0,1,22.25,Cash
3198,1.28,16.93,3.19,0.0,1,21.12,Credit Card
2902,2.29,18.52,1.13,0.0,1,20.65,Cash
2834,4.38,20.28,0.87,0.5,0,21.65,No Charge
442,1.15,5.58,0.1,0.0,0,5.68,Mobile
2006,1.9,15.64,2.27,0.0,0,17.91,Credit Card
3256,1.95,18.3,0.39,0.0,3,21.69,Cash
276,2.77,11.41,0.2,0.0,0,11.61,Cash
4402,3.08,24.41,4.43,0.0,1,29.84,Cash
736,0.73,4.48,0.02,0.0,0,4.5,Credit Card
128,3.3,14.18,0.4,0.0,1,15.58,Cash
3392,1.47,18.37,1.77,0.0,0,20.14,Cash
3499,0.91,17.2,0.21,0.0,0,17.41,Cash
3296,2.07,19.34,3.86,0.0,3,26.2,Credit Card
3084,2.12,17.24,0.17,3.0,0,20.41,Credit Card
3628,3.69,23.89,1.14,0.0,0,25.03,Credit Card
1993,1.27,10.64,1.46,0.0,0,12.1,Cash
489,4.11,14.63,0.16,0.0,0,14.79,Credit Card
3936,2.72,23.42,2.68,0.0,0,26.1,Cash
1393,1.49,8.78,1.4,0.0,0,10.18,Cash
489,2.33,10.53,0.98,0.0,1,12.51,Credit Card
1314,2.94,14.86,1.36,0.0,2,18.22,Cash
4767,3.33,26.96,1.97,0.0,0,28.93,No Charge
4410,2.08,22.52,2.0,0.0,0,24.52,Cash
632,2.16,9.74,1.62,0.0,0,11.36,Credit Card
4117,3.97,26.15,0.08,0.0,0,26.23,Cash
3004,2.64,16.05,2.67,0.0,0,18.72,Cash
4073,1.17,20.17,1.38,0.0,1,22.55,Credit Card
3892,1.11,19.03,2.16,0.0,1,22.19,Mobile
5249,2.62,28.65,2.85,0.0,1,32.5,Credit Card
3295,2.59,22.34,2.17,0.0,0,24.51,Cash
4950,1.64,21.72,2.32,0.0,0,24.04,Mobile
4208,2.71,23.17,4.25,0.0,1,28.42,No Charge
3499,2.86,22.65,4.1,0.0,0,26.75,Cash
2071,1.09,11.61,0.75,0.0,0,12.36,Credit Card
2777,5.91,26.1,0.41,0.0,3,29.51,Credit Card
4950,1.52,23.61,3.18,0.0,0,26.79,Cash
4426,2.55,24.35,4.71,0.0,0,29.06,Credit Card
2682,0.83,12.14,2.28,0.0,1,15.42,Cash
2995,0.86,14.68,1.68,5.0,0,21.36,Credit Card
3364,1.19,16.79,3.27,0.0,0,20.06,Credit Card
4159,0.82,21.0,1.18,0.0,0,22.18,Credit Card
1309,1.19,11.39,2.14,0.0,0,13.53,Credit Card
1022,2.01,9.83,1.23,0.0,1,12.06,Cash
3967,1.56,21.43,0.62,0.0,0,22.05,Cash
2799,2.68,17.82,1.39,0.0,0,19.21,Cash
2993,2.81,18.59,1.66,0.0,0,20.25,Cash
2642,1.55,15.68,1.09,0.0,0,16.77,Cash
3770,1.1,21.26,0.37,0.0,0,21.63,Credit Card
2648,3.07,18.13,2.42,0.0,0,20.55,Credit Card
3669,1.08,18.25,2.43,0.0,1,21.68,Cash
2834,2.28,19.21,2.01,0.0,3,24.22,Cash
300,2.19,9.66,1.39,0.0,0,11.05,Cash
3338,3.19,19.13,2.5,0.0,0,21.63,Mobile
497,0.85,5.37,0.71,0.0,0,6.08,Mobile
3292,3.67,22.25,2.23,0.0,1,25.48,Credit Card
448,3.44,10.29,0.33,0.0,0,10.62,Cash
5146,2.36,25.61,0.71,0.0,0,26.32,Cash
1360,2.04,12.79,1.52,0.0,0,14.31,Credit Card
1232,3.26,13.47,0.95,0.0,0,14.42,Credit Card
104,0.5,3.61,0.24,0.0,0,3.85,Cash
828,4.05,15.55,0.62,0.0,0,16.17,Credit Card
242,1.65,8.48,0.03,0.0,1,9.51,Mobile
3955,2.55,24.63,1.01,0.0,0,25.64,Credit Card
738,0.77,7.87,1.44,0.0,0,9.31,Cash
1360,1.52,13.02,1.32,0.0,0,14.34,Credit Card
4838,2.34,25.39,0.35,0.0,0,25.74,Cash
1557,0.7,8.34,0.85,0.0,0,9.19,Credit Card
3387,4.48,21.68,3.33,0.5,3,28.51,Credit Card
1018,3.4,14.09,0.38,0.0,0,14.47,Credit Card
2113,4.52,21.34,0.36,0.0,0,21.7,Cash
2609,2.98,17.92,2.02,0.0,0,19.94,Credit Card
4614,2.56,26.71,3.85,0.0,0,30.56,Cash
2246,1.6,16.34,1.6,0.0,0,17.94,Credit Card
2148,2.29,15.12,1.18,0.0,1,17.3,Credit Card
5267,2.09,27.43,3.16,0.0,1,31.59,Credit Card
1996,5.11,22.47,2.47,0.0,0,24.94,Credit Card
3665,1.09,18.33,2.45,0.0,0,20.78,Credit Card
5092,2.01,25.09,1.61,0.0,3,29.7,Cash
3183,1.98,20.22,2.39,0.0,1,23.61,Cash
3952,2.13,23.25,1.17,0.0,0,24.42,Cash
3143,1.36,17.56,1.3,0.0,0,18.86,Credit Card
3964,2.79,23.03,3.18,0.0,0,26.21,Credit Card
1581,2.7,14.98,2.48,0.0,0,17.46,Cash
3108,1.05,17.17,1.48,0.0,1,19.65,Credit Card
4797,0.75,21.6,3.59,0.5,1,26.69,Cash
1032,2.94,13.94,2.34,0.5,0,16.78,Cash
681,1.09,6.48,0.8,0.0,0,7.28,Cash
2188,2.42,13.59,0.44,0.0,1,15.03,Credit Card
3987,1.72,21.25,3.77,0.0,2,27.02,Cash
4429,2.29,23.2,3.61,0.5,0,27.31,Credit Card
722,1.09,9.55,0.58,0.0,2,12.13,Credit Card
3478,1.19,17.18,0.43,0.0,1,18.61,Cash
2721,3.11,20.13,1.42,0.0,5,26.55,Cash
3119,0.47,16.11,2.08,0.0,3,21.19,Credit Card
1215,3.59,16.01,2.27,0.0,0,18.28,Cash
1066,2.89,14.66,1.77,0.0,0,16.43,Credit Card
3017,3.22,19.49,2.35,0.0,0,21.84,Credit Card
3151,1.3,15.67,2.87,0.0,2,20.54,Credit Card
1108,1.35,7.95,0.84,0.0,0,8.79,Credit Card
1213,1.25,11.16,0.69,0.0,0,11.85,Credit Card
2745,1.82,18.63,2.61,0.0,0,21.24,Cash
3286,4.03,25.24,3.76,0.0,0,29.0,Credit Card
226,3.46,13.24,2.53,0.0,0,15.77,Credit Card
3903,3.17,21.98,3.01,0.0,2,26.99,Credit Card
1377,0.99,4.64,0.2,0.0,1,5.84,Cash
4179,5.61,27.29,3.78,0.0,0,31.07,Credit Card
3987,0.89,19.59,1.4,0.0,2,22.99,Credit Card
4730,3.12,24.86,3.68,0.0,1,29.54,Credit Card
2835,2.62,20.51,3.6,0.0,0,24.11,Cash
3788,0.96,18.48,1.58,0.0,0,20.06,Credit Card
2704,1.12,17.42,1.26,0.0,0,18.68,Cash
1764,1.14,11.55,0.67,0.0,0,12.22,Credit Card
3458,1.05,15.87,1.1,0.0,0,16.97,Credit Card
3646,2.34,22.05,1.64,0.0,0,23.69,Cash
2864,3.57,22.82,2.6,0.0,0,25.42,Credit Card
1556,1.13,11.3,1.98,5.0,0,18.28,Credit Card
1464,2.38,14.39,1.45,0.0,0,15.84,Cash
4985,1.43,22.43,0.58,0.0,0,23.01,Credit Card
4812,10.04,45.45,2.18,0.0,0,47.63,Credit Card
4166,4.29,26.77,0.03,0.0,2,28.8,Credit Card
1732,3.34,15.43,1.56,0.0,0,16.99,No Charge
2568,3.18,17.84,1.87,0.0,3,22.71,Credit Card
157,3.28,13.6,1.83,0.0,0,15.43,Cash
3128,1.18,19.66,0.89,0.0,0,20.55,Credit Card
1071,3.18,14.45,2.06,0.0,0,16.51,Cash
5396,0.74,23.11,3.2,0.0,0,26.31,Cash
2244,0.96,11.78,0.59,0.0,0,12.37,Credit Card
291,2.3,10.95,0.11,0.0,0,11.06,Credit Card
112,2.52,10.95,0.68,0.0,1,12.63,Credit Card
3706,1.78,23.6,4.45,0.0,0,28.05,Credit Card
2974,3.64,20.22,0.82,0.0,0,21.04,Credit Card
3794,1.45,17.73,0.9,0.0,1,19.63,Credit Card
5150,4.44,32.66,3.85,0.0,0,36.51,Credit Card
1743,2.56,15.97,1.69,0.0,0,17.66,Mobile
3048,2.5,20.51,1.15,0.0,0,21.66,No Charge
810,1.3,8.64,1.35,0.0,2,11.99,Cash
1165,0.96,6.14,0.16,0.0,0,6.3,Cash
1668,3.2,17.78,2.71,0.0,0,20.49,Credit Card
402,1.54,8.05,0.23,0.0,0,8.28,Cash
688,0.55,5.43,0.84,0.0,2,8.27,Credit Card
2946,2.54,18.25,3.42,0.0,0,21.67,Cash
2703,1.55,15.72,1.52,0.0,0,17.24,Credit Card
3720,1.96,22.22,0.95,0.0,2,25.17,Cash
3510,1.84,19.58,1.86,0.0,2,23.44,Credit Card
3485,0.61,15.51,1.84,0.0,0,17.35,Credit Card
1424,2.06,14.8,2.14,0.0,0,16.94,Cash
3090,3.51,19.28,0.62,0.0,0,19.9,Credit Card
1917,1.48,10.18,0.21,0.0,0,10.39,Credit Card
2024,3.73,19.88,2.74,0.0,0,22.62,Credit Card
2703,2.03,17.77,2.13,0.0,1,20.9,Credit Card
2133,2.33,15.03,2.62,0.0,0,17.65,Cash
745,2.54,12.11,2.08,0.0,0,14.19,Credit Card
4665,1.56,22.7,3.82,0.0,0,26.52,Cash
2168,7.67,25.59,3.35,0.0,3,31.94,Credit Card
318,2.76,9.29,0.17,0.0,0,9.46,Credit Card
3543,1.5,20.48,0.89,0.0,0,21.37,Cash
1655,2.98,15.36,0.63,0.0,1,16.99,Credit Card
4286,2.47,22.79,0.73,0.0,0,23.52,Credit Card
1593,2.13,13.09,0.51,0.0,0,13.6,Cash
4618,2.11,26.92,4.1,0.0,0,31.02,Cash
5300,3.0,27.4,3.59,0.0,2,32.99,Credit Card
2903,0.94,13.0,1.5,1.0,0,15.5,Mobile
2739,1.32,17.16,2.77,0.0,0,19.93,Cash
894,0.95,8.45,1.04,0.0,2,11.49,Credit Card
1027,0.93,11.13,0.65,0.0,3,14.78,Cash
1149,0.47,10.43,0.9,0.0,0,11.33,Cash
4588,1.74,23.15,1.12,0.0,0,24.27,Credit Card
4731,1.54,21.6,0.08,0.0,0,21.68,Credit Card
2055,1.05,14.02,1.77,0.0,0,15.79,Cash
4529,1.62,20.5,0.62,1.5,0,22.62,Cash
2116,5.17,21.94,0.9,0.0,0,22.84,Cash
903,3.31,13.81,0.74,0.0,0,14.55,Credit Card
1860,0.53,10.38,1.44,0.0,0,11.82,Credit Card
2265,1.71,15.43,2.01,1.0,1,19.44,Cash
862,4.04,17.03,1.35,0.0,0,18.38,Credit Card
3652,2.07,17.06,0.48,0.0,0,17.54,Cash
2444,2.33,15.7,1.5,0.0,0,17.2,Credit Card
4032,2.28,23.81,1.78,0.0,3,28.59,Credit Card
2992,1.11,16.59,1.89,0.0,1,19.48,Credit Card
3289,2.94,18.28,0.8,0.0,0,19.08,Credit Card
2478,3.66,19.18,1.66,1.5,0,22.34,Cash
3225,1.5,19.12,1.07,0.0,3,23.19,Cash
2096,2.33,16.67,1.72,5.0,0,23.39,Credit Card
1892,1.42,16.04,2.9,0.0,0,18.94,Credit Card
1286,2.61,13.09,2.55,0.0,2,17.64,Cash
4604,4.89,27.33,5.29,0.0,1,33.62,Cash
4645,4.11,29.66,2.81,0.0,0,32.47,Cash
4532,0.75,21.03,3.47,0.0,0,24.5,Credit Card
4668,1.3,23.08,4.2,0.0,0,27.28,Cash
1444,1.49,10.15,1.96,0.0,0,12.11,Credit Card
3064,3.22,18.96,1.76,0.0,0,20.72,Credit Card
5206,1.95,27.15,4.21,0.0,0,31.36,Credit Card
3852,2.05,20.46,3.39,0.0,1,24.85,Credit Card
856,1.05,5.67,0.08,0.0,0,5.75,Cash
4924,4.7,32.46,4.7,0.0,2,39.16,Credit Card
3148,2.65,19.42,0.02,0.0,0,19.44,Credit Card
916,0.71,8.83,1.68,0.0,0,10.51,No Charge
948,4.38,15.66,2.94,0.0,0,18.6,Credit Card
740,1.11,6.62,0.18,0.0,5,11.8,Cash
1274,2.53,12.07,0.36,0.0,0,12.43,Credit Card
1119,1.36,10.53,1.12,0.0,0,11.65,Credit Card
5393,1.65,26.69,4.39,0.0,1,32.08,Credit Card
3217,5.15,24.65,1.07,0.0,0,25.72,Credit Card
3795,1.85,17.97,2.4,0.0,0,20.37,Credit Card
451,1.87,9.05,1.15,0.0,2,12.2,Credit Card
3811,1.98,18.73,3.72,0.5,0,22.95,Credit Card
3978,2.41,23.23,3.36,0.0,0,26.59,Cash
96,4.05,11.84,1.34,0.0,0,13.18,No Charge
326,3.6,13.16,1.02,0.0,0,14.18,Credit Card
2755,2.64,16.52,3.22,0.0,1,20.74,Credit Card
196,4.05,12.06,1.75,1.0,1,15.81,Credit Card
2017,2.22,17.29,0.44,0.0,0,17.73,Credit Card
5220,3.43,29.57,5.65,0.0,2,37.22,Credit Card
5102,3.42,28.77,5.15,0.0,2,35.92,Cash
1946,2.6,17.22,2.01,0.0,0,19.23,Credit Card
5374,2.41,26.13,4.46,0.0,3,33.59,Mobile
3047,3.23,22.41,1.64,0.0,2,26.05,Credit Card
2844,1.94,13.5,0.91,0.0,0,14.41,Credit Card
2638,5.99,24.51,3.53,0.0,1,29.04,Credit Card
4225,2.55,26.84,1.18,3.0,0,31.02,Credit Card
3516,3.4,25.08,0.17,0.0,0,25.25,Credit Card
3175,0.93,15.46,1.85,3.0,0,20.31,Credit Card
5091,3.21,26.71,4.04,0.0,0,30.75,Credit Card
1656,2.93,17.38,0.55,0.0,3,20.93,Credit Card
3034,2.86,19.13,2.49,0.0,0,21.62,Credit Card
490,6.39,18.83,2.16,0.0,0,20.99,Credit Card
1782,2.66,16.43,0.69,0.0,3,20.12,Cash
3783,2.95,22.5,2.43,0.0,1,25.93,Cash
276,2.65,11.89,0.62,0.0,0,12.51,Cash
2845,3.56,20.5,1.97,0.0,1,23.47,Credit Card
3503,1.19,15.79,1.49,0.0,5,22.28,Credit Card
542,0.87,5.92,1.02,0.0,5,11.94,Cash
2305,2.26,10.84,0.5,0.0,0,11.34,Credit Card
318,4.24,10.41,0.14,0.0,0,10.55,Credit Card
5161,1.04,22.7,0.54,0.0,2,25.24,Cash
5118,2.6,25.68,3.06,0.0,2,30.74,Cash
3184,2.02,18.44,1.69,0.0,0,20.13,Credit Card
639,0.7,10.27,0.69,0.0,0,10.96,Credit Card
3445,2.36,18.27,0.47,0.0,0,18.74,Credit Card
4215,1.35,19.8,1.1,0.0,0,20.9,Cash
3485,0.83,18.35,0.62,0.0,0,18.97,Cash
4234,6.33,34.4,0.67,0.0,0,35.07,Cash
2959,1.77,18.23,2.21,0.0,2,22.44,Credit Card
4798,3.82,26.84,2.98,0.0,0,29.82,Credit Card
2131,1.39,12.71,2.28,0.0,3,17.99,Credit Card
5384,3.98,28.62,5.32,0.0,0,33.94,Credit Card
2521,1.94,12.54,1.38,0.0,0,13.92,Credit Card
5305,2.55,25.88,1.05,1.0,2,29.93,Credit Card
3706,3.1,23.0,0.21,1.0,1,25.21,Cash
2151,1.64,12.2,1.43,0.0,0,13.63,Cash
1335,1.14,9.94,0.42,0.0,0,10.36,Credit Card
4852,2.51,26.94,1.64,0.0,0,28.58,Credit Card
1034,1.34,11.5,0.75,0.0,0,12.25,Credit Card
5110,1.56,24.18,3.15,0.0,0,27.33,Credit Card
4862,2.87,26.04,1.16,0.0,0,27.2,Cash
3421,2.19,20.0,3.92,0.0,0,23.92,Cash
3706,1.46,19.26,3.39,0.0,2,24.65,Cash
3126,1.28,14.02,0.72,0.0,0,14.74,Cash
4712,2.0,24.46,3.57,0.0,2,30.03,Credit Card
873,11.13,29.71,1.99,0.0,0,31.7,Credit Card
2021,0.97,13.6,1.69,0.0,1,16.29,Credit Card
1913,1.79,15.98,2.99,0.0,2,20.97,Credit Card
3135,1.64,17.04,2.17,0.0,1,20.21,No Charge
2764,2.25,18.98,1.96,0.0,0,20.94,Credit Card
3286,2.62,19.54,2.07,0.0,0,21.61,Credit Card
1660,1.79,12.92,1.25,0.0,1,15.17,Credit Card
4837,1.69,23.74,3.26,0.5,5,32.5,Credit Card
1697,4.55,16.35,0.62,0.0,0,16.97,Credit Card
4745,1.82,23.7,3.04,0.0,0,26.74,Cash
570,2.5,11.93,0.12,0.0,0,12.05,Cash
1449,0.6,9.56,1.68,0.0,0,11.24,Credit Card
3824,0.9,18.43,2.06,0.0,3,23.49,Credit Card
5232,2.32,25.55,4.08,0.0,0,29.63,No Charge
1353,1.28,10.27,0.28,0.0,1,11.55,Mobile
2047,1.83,14.02,2.24,0.0,0,16.26,Cash
5062,3.39,27.48,3.88,0.0,0,31.36,Credit Card
3315,3.0,21.71,2.47,0.5,0,24.68,Cash
3567,2.08,22.62,2.43,0.0,0,25.05,Credit Card
5363,0.67,24.41,2.47,0.0,0,26.88,Cash
5208,3.76,27.99,0.93,0.0,2,30.92,Credit Card
2234,2.04,15.61,1.94,0.0,0,17.55,Credit Card
3167,2.01,17.27,1.87,0.0,0,19.14,Credit Card
3487,2.46,18.21,0.87,0.0,0,19.08,Credit Card
4389,1.81,22.74,3.76,1.0,1,28.5,Mobile
5337,0.71,26.43,1.48,0.0,1,28.91,Credit Card
1105,4.16,16.2,0.18,0.0,0,16.38,Cash
3420,1.2,18.55,2.88,0.0,2,23.43,Credit Card
1880,0.84,13.57,1.56,0.0,0,15.13,Cash
3571,4.0,25.51,1.93,0.0,0,27.44,Credit Card
1128,2.08,13.71,0.67,0.0,0,14.38,Credit Card
4268,2.72,24.32,0.79,0.0,0,25.11,Credit Card
4607,0.98,21.04,1.91,0.0,0,22.95,Credit Card
4267,2.66,21.44,3.28,0.0,0,24.72,Credit Card
4311,3.06,22.7,2.62,0.0,0,25.32,Cash
5122,7.36,39.83,0.52,0.0,2,42.35,Cash
892,1.32,9.57,0.18,0.0,0,9.75,Cash
3525,0.74,16.22,0.04,0.0,0,16.26,Credit Card
3240,1.01,18.6,2.48,0.0,3,24.08,Mobile
1400,1.42,13.08,1.22,0.0,0,14.3,Credit Card
3899,8.4,35.57,6.27,0.0,0,41.84,Cash
386,1.41,8.59,0.76,0.0,0,9.35,Cash
2154,4.18,17.59,0.45,0.0,3,21.04,Credit Card
485,2.82,9.68,0.32,0.0,0,10.0,Mobile
1627,1.14,9.63,0.44,0.0,0,10.07,Cash
5198,2.78,26.65,2.31,0.0,0,28.96,Cash
4299,1.69,21.77,3.05,0.0,2,26.82,Credit Card
4456,1.16,22.63,2.55,0.0,2,27.18,Credit Card
5323,5.71,32.44,1.51,0.0,0,33.95,Credit Card
3228,1.15,18.74,1.54,0.0,0,20.28,Credit Card
5314,2.06,25.38,4.29,5.0,1,35.67,Credit Card
4865,3.67,26.37,1.53,0.0,0,27.9,Cash
2760,1.58,14.71,0.67,0.0,2,17.38,Credit Card
4706,3.26,27.22,5.04,0.0,0,32.26,Credit Card
1445,2.19,11.91,2.28,0.0,1,15.19,Credit Card
1980,1.25,13.2,2.1,0.0,0,15.3,Mobile
5305,6.46,34.66,1.47,0.0,0,36.13,Credit Card
4382,3.58,25.87,5.11,0.0,0,30.98,Cash
3444,5.4,26.16,0.07,1.5,0,27.73,Credit Card
1122,3.59,14.65,0.79,0.0,1,16.44,Credit Card
820,2.26,11.31,0.63,0.0,0,11.94,Credit Card
5313,1.81,23.73,4.62,0.0,5,33.35,Credit Card
4313,0.83,19.81,0.89,0.0,0,20.7,Cash
1748,1.61,14.95,1.24,0.0,0,16.19,Cash
805,3.01,10.52,1.13,0.0,0,11.65,Cash
1553,1.46,11.08,0.92,0.0,0,12.0,Credit Card
621,1.52,7.1,1.16,0.0,0,8.26,Credit Card
1033,2.88,14.32,1.25,0.0,0,15.57,Mobile
2192,2.86,16.12,1.69,0.0,0,17.81,Mobile
3025,0.84,18.76,2.49,0.0,0,21.25,Mobile
4701,1.15,21.34,1.3,0.0,1,23.64,Credit Card
4873,1.13,23.19,1.26,0.0,0,24.45,Cash
1473,0.97,10.33,1.51,0.0,0,11.84,Mobile
3019,3.34,20.1,0.1,1.0,0,21.2,Cash
3915,2.87,21.3,0.73,0.0,0,22.03,Credit Card
268,4.1,12.67,1.85,0.0,0,14.52,Mobile
2454,1.23,14.07,1.2,0.0,2,17.27,Credit Card
344,1.31,6.07,0.65,0.0,2,8.72,Credit Card
1140,0.86,9.21,0.47,0.0,0,9.68,Credit Card
2827,7.42,27.55,1.8,0.0,0,29.35,Cash
387,1.98,9.95,0.66,0.0,0,10.61,Cash
4812,0.99,21.48,4.02,0.0,3,28.5,Cash
4396,0.77,19.84,1.42,0.0,0,21.26,Cash
3175,1.31,18.05,2.46,0.0,0,20.51,Cash
1691,1.34,11.2,1.77,0.0,0,12.97,Credit Card
4045,2.51,23.89,1.37,1.5,0,26.76,Cash
3482,4.45,24.91,0.45,1.5,0,26.86,Credit Card
4528,2.13,22.4,3.81,0.0,1,27.21,Cash
4918,2.4,24.02,1.0,0.0,0,25.02,Credit Card
762,1.66,10.6,0.09,0.0,0,10.69,Cash
199,4.31,12.73,0.88,1.0,0,14.61,Credit Card
2350,2.33,15.8,1.61,0.0,0,17.41,Credit Card
673,1.71,11.07,0.51,0.0,0,11.58,Credit Card
80,9.82,27.87,5.49,0.0,2,35.36,Credit Card
2070,1.27,14.13,0.53,0.0,1,15.66,No Charge
2296,2.96,17.27,0.01,0.0,3,20.28,Credit Card
3453,1.26,16.67,2.6,0.0,0,19.27,Cash
4644,2.02,25.13,3.87,0.0,0,29.0,Cash
5141,1.21,25.14,0.61,0.0,5,30.75,Credit Card
4265,4.02,26.82,3.04,0.0,1,30.86,Credit Card
5134,1.76,24.26,2.09,0.0,2,28.35,Credit Card
1846,2.29,14.3,0.1,0.0,0,14.4,Cash
4418,4.37,28.43,2.32,0.0,1,31.75,Cash
3866,4.53,25.85,4.85,0.0,0,30.7,Credit Card
5373,2.64,26.28,4.2,0.0,0,30.48,Credit Card
3864,1.12,16.2,2.56,0.0,0,18.76,Cash
255,0.66,5.04,0.54,3.0,0,8.58,Credit Card
2684,1.76,15.81,0.45,0.0,0,16.26,Cash
850,1.27,9.77,1.63,0.0,0,11.4,Credit Card
614,2.84,12.88,2.47,0.0,0,15.35,Credit Card
4656,0.83,21.26,2.7,0.0,0,23.96,Cash
5005,3.03,27.22,2.85,0.0,0,30.07,Credit Card
1696,0.62,8.76,1.24,0.0,1,11.0,Credit Card
3117,1.97,16.44,2.45,0.0,0,18.89,Credit Card
4263,4.39,28.55,4.57,0.0,0,33.12,Cash
1012,1.96,11.69,0.91,0.0,1,13.6,Credit Card
337,1.96,8.05,0.43,0.0,0,8.48,Cash
3658,5.06,26.76,4.89,0.0,1,32.65,Credit Card
1352,0.62,9.55,0.9,0.0,0,10.45,Credit Card
4177,2.14,24.48,0.5,0.0,0,24.98,Credit Card
5344,5.35,32.68,4.17,0.0,1,37.85,Credit Card
655,1.19,6.95,0.88,0.0,0,7.83,Cash
3376,2.4,21.57,0.44,0.0,0,22.01,Credit Card
2329,2.79,16.8,1.94,0.0,0,18.74,Cash
3310,2.54,20.97,1.0,0.0,2,23.97,Mobile
5131,2.57,26.67,1.7,0.0,0,28.37,Credit Card
4324,5.16,30.44,2.54,0.0,2,34.98,Credit Card
3196,0.82,16.58,3.04,0.0,0,19.62,Credit Card
5295,3.38,29.24,5.48,0.0,1,35.72,Credit Card
4250,4.7,28.43,5.26,0.0,0,33.69,Credit Card
4629,4.35,27.73,1.75,0.0,0,29.48,Cash
868,1.95,9.72,0.29,0.0,0,10.01,Credit Card
4948,2.08,27.17,1.29,0.0,1,29.46,Cash
1486,1.39,11.73,0.85,0.0,0,12.58,Cash
3430,2.74,19.36,0.3,0.0,1,20.66,Mobile
5203,2.05,25.67,4.35,0.0,0,30.02,Credit Card
5266,1.67,24.23,0.6,0.0,1,25.83,Mobile
491,1.26,7.83,0.36,0.0,0,8.19,Mobile
3231,1.81,15.38,2.71,0.0,0,18.09,Cash
4834,7.79,37.72,4.29,0.0,0,42.01,Cash
3129,1.21,18.67,1.31,0.0,1,20.98,Cash
399,0.89,7.26,1.15,0.0,2,10.41,Credit Card
3053,1.97,18.0,2.49,0.0,0,20.49,Mobile
3234,1.0,17.79,2.14,0.0,1,20.93,Credit Card
3826,0.51,17.5,2.84,0.0,0,20.34,Cash
133,1.48,6.39,0.56,1.5,0,8.45,Credit Card
1237,1.15,10.14,0.43,0.0,0,10.57,Cash
4878,1.85,21.68,0.06,0.0,0,21.74,Credit Card
2533,1.77,13.0,1.37,0.0,0,14.37,Credit Card
2915,2.87,17.52,0.0,0.0,0,17.52,Cash
973,0.84,9.28,0.43,0.0,0,9.71,Credit Card
2929,1.56,16.63,0.34,0.0,0,16.97,Credit Card
1640,1.45,9.95,0.55,0.0,2,12.5,Credit Card
2134,1.52,14.14,2.56,0.0,0,16.7,Credit Card
2683,4.71,25.27,0.88,0.0,0,26.15,Credit Card
3783,5.04,28.41,4.99,0.0,0,33.4,Credit Card
81,2.12,9.1,0.78,0.0,1,10.88,Cash
3622,2.48,21.83,0.02,0.0,0,21.85,Cash
5295,2.9,27.5,2.58,0.0,0,30.08,Credit Card
3272,3.1,22.7,3.96,0.0,1,27.66,Cash
786,3.31,13.84,2.49,0.0,0,16.33,Credit Card
2524,1.0,15.04,2.09,0.0,0,17.13,Credit Card
4107,2.72,22.91,0.08,0.0,0,22.99,Cash
1071,3.43,12.87,1.7,0.0,0,14.57,Credit Card
4667,0.79,21.98,0.49,0.0,1,23.47,Credit Card
3154,1.86,18.58,2.2,0.0,0,20.78,Credit Card
1188,0.66,8.76,0.5,0.0,0,9.26,Credit Card
5074,0.58,21.39,0.73,0.0,2,24.12,Credit Card
775,1.59,10.38,0.7,0.0,0,11.08,No Charge
1657,3.32,19.22,0.16,0.0,0,19.38,Mobile
3435,4.07,22.53,3.46,0.0,0,25.99,Credit Card
2518,2.19,16.13,1.23,0.0,0,17.36,Credit Card
2268,0.98,11.98,0.62,0.0,0,12.6,Credit Card
367,3.38,13.01,2.6,0.0,2,17.61,Cash
1039,1.37,5.71,0.99,0.0,0,6.7,No Charge
515,1.91,12.13,0.82,0.0,0,12.95,Cash
312,1.81,8.41,0.77,0.0,0,9.18,Credit Card
1125,4.13,15.93,0.65,0.0,0,16.58,Cash
4122,4.78,28.12,1.41,0.0,0,29.53,Credit Card
3425,2.74,22.34,4.4,5.0,0,31.74,Credit Card
423,3.48,11.77,2.0,0.0,0,13.77,Credit Card
1514,1.95,12.92,2.33,0.0,0,15.25,Credit Card
5021,1.04,26.62,5.09,1.0,0,32.71,Cash
5132,1.86,23.44,4.44,0.0,0,27.88,Credit Card
4246,3.94,26.45,2.96,0.0,2,31.41,Credit Card
2282,1.8,16.38,1.92,0.0,0,18.3,Cash
4062,1.49,19.52,1.97,0.0,0,21.49,Credit Card
3393,1.65,18.21,2.93,0.0,3,24.14,Credit Card
2670,1.11,12.53,0.15,0.0,0,12.68,Credit Card
3079,3.29,18.48,2.43,0.0,0,20.91,Credit Card
2543,5.01,23.6,1.03,0.0,0,24.63,Cash
2714,1.23,13.07,0.52,0.0,2,15.59,Cash
1050,2.79,10.83,0.66,0.0,0,11.49,Cash
2194,0.85,11.34,0.94,0.0,0,12.28,Cash
3239,3.56,21.24,1.23,0.0,0,22.47,Credit Card
2442,1.83,17.71,2.28,0.0,0,19.99,Credit Card
1148,1.21,12.46,1.94,0.0,0,14.4,Cash
5378,1.41,25.98,3.59,0.0,1,30.57,Credit Card
1730,1.65,12.53,2.22,0.0,2,16.75,Cash
551,2.41,12.32,2.33,0.0,0,14.65,Credit Card
2473,1.08,12.64,0.6,0.0,0,13.24,Cash
5219,1.49,24.32,1.16,0.5,0,25.98,Credit Card
3476,1.0,17.9,1.95,0.0,0,19.85,Credit Card
1413,3.33,15.51,0.2,0.0,0,15.71,Mobile
4990,2.39,24.52,3.29,0.0,0,27.81,Cash
4321,2.79,23.96,3.39,0.0,0,27.35,Cash
5141,1.53,21.93,1.79,0.0,0,23.72,Credit Card
1293,5.8,20.89,3.18,0.0,0,24.07,Credit Card
2475,1.31,15.22,1.68,0.0,0,16.9,Credit Card
2150,1.15,14.4,0.32,0.0,3,17.72,Credit Card
5083,3.03,25.12,2.98,0.5,0,28.6,Credit Card
3864,0.96,18.83,2.1,0.0,0,20.93,Credit Card
1164,3.81,16.22,1.55,0.0,0,17.77,Credit Card
4996,2.48,26.5,1.66,0.0,2,30.16,Cash
1767,2.5,17.25,0.37,0.0,0,17.62,Cash
2389,3.79,19.7,0.83,0.0,0,20.53,Cash
1797,4.16,21.89,2.68,0.0,0,24.57,Credit Card
3315,2.3,20.17,2.13,0.0,0,22.3,Credit Card
803,2.42,12.45,1.65,0.0,0,14.1,Credit Card
1915,1.39,13.57,1.29,0.0,2,16.86,Credit Card
5276,0.54,24.4,3.89,0.0,0,28.29,Cash
1178,1.57,11.8,1.31,0.0,0,13.11,Credit Card
1916,0.72,11.67,1.17,0.0,0,12.84,Credit Card
5081,1.75,21.85,2.94,0.0,0,24.79,Credit Card
2504,4.44,20.55,1.82,0.0,0,22.37,Credit Card
5074,1.81,24.44,1.98,0.0,2,28.42,Credit Card
3301,2.76,20.48,1.44,0.0,2,23.92,Credit Card
5272,1.68,24.9,2.31,0.0,0,27.21,Cash
4671,2.31,26.57,0.87,0.0,2,29.44,Credit Card
5283,1.81,22.1,1.15,0.0,2,25.25,Credit Card
3613,3.84,24.99,4.85,0.0,0,29.84,Credit Card
4881,2.13,22.45,0.31,0.0,0,22.76,Cash
4099,0.65,19.6,1.51,0.0,0,21.11,Credit Card
3054,1.16,17.53,0.95,0.0,0,18.48,Cash
136,1.68,4.09,0.12,0.0,2,6.21,Cash
1711,1.1,12.95,1.71,0.0,0,14.66,Credit Card
2277,2.21,13.91,1.73,0.0,1,16.64,Credit Card
2151,1.54,15.15,1.36,0.0,0,16.51,Credit Card
4008,0.67,18.5,1.73,0.0,1,21.23,Cash
1622,3.05,16.17,3.05,0.0,2,21.22,Cash
4649,1.71,23.34,3.19,0.0,3,29.53,Cash
1756,1.34,9.47,1.26,0.0,0,10.73,Mobile
3013,2.08,18.37,3.11,0.0,0,21.48,Credit Card
4152,1.86,18.08,1.6,0.0,0,19.68,Credit Card
1297,1.0,10.03,1.27,0.0,3,14.3,Credit Card
5078,1.72,23.59,1.04,0.0,0,24.63,Credit Card
2889,0.96,15.85,1.57,0.0,0,17.42,No Charge
3103,6.66,31.31,4.85,1.0,2,39.16,Cash
1723,1.91,12.66,1.12,0.0,0,13.78,Credit Card
3868,2.4,22.66,4.25,1.5,0,28.41,Credit Card
1183,3.86,14.89,0.42,0.0,0,15.31,Cash
1523,4.8,18.95,1.4,0.5,0,20.85,Cash
665,1.63,10.73,0.19,0.0,0,10.92,Mobile
4839,4.95,29.11,0.57,0.0,1,30.68,Cash
1342,0.54,11.27,1.58,0.0,0,12.85,Cash
2893,4.0,18.77,1.82,0.0,0,20.59,Credit Card
3681,6.31,31.32,0.55,0.0,3,34.87,Credit Card
3596,2.66,21.22,1.11,1.0,0,23.33,Credit Card
2940,2.76,19.1,2.22,0.0,1,22.32,Credit Card
4673,2.77,24.63,1.37,0.0,0,26.0,Credit Card
1583,1.14,12.98,0.81,0.0,2,15.79,Credit Card
1748,1.46,13.73,1.68,0.5,0,15.91,Cash
2900,1.86,18.15,0.46,0.5,1,20.11,Credit Card
1064,4.22,15.29,2.19,0.0,1,18.48,Credit Card
4344,3.36,27.12,1.45,0.0,3,31.57,Credit Card
3035,3.3,22.56,3.86,0.0,0,26.42,Credit Card
4371,2.89,24.21,3.23,0.0,0,27.44,Cash
4425,2.35,25.43,4.82,0.0,0,30.25,Cash
3543,2.16,20.46,0.03,0.0,0,20.49,Credit Card
4643,1.45,20.19,2.53,0.0,0,22.72,Cash
1751,1.41,12.85,0.62,0.0,1,14.47,Credit Card
327,2.66,10.7,2.04,0.0,0,12.74,Cash
1728,5.06,19.77,3.56,0.0,0,23.33,Credit Card
4292,1.97,20.98,2.49,0.0,0,23.47,Credit Card
4623,4.49,27.18,4.34,0.0,2,33.52,Credit Card
1529,2.57,13.17,2.47,0.0,0,15.64,Credit Card
3602,1.1,19.87,1.58,0.0,0,21.45,Credit Card
626,1.63,10.91,0.55,0.0,1,12.46,Cash
3379,3.56,22.59,0.71,0.0,1,24.3,Credit Card
1645,1.99,12.11,2.38,0.0,1,15.49,Credit Card
2320,1.54,13.71,1.54,0.0,0,15.25,Credit Card
709,2.29,11.49,0.33,1.0,1,13.82,Credit Card
1221,1.96,12.55,0.94,0.0,0,13.49,Credit Card
2054,1.74,16.32,2.39,0.0,0,18.71,Mobile
1347,0.8,9.39,1.05,0.0,1,11.44,Credit Card
2649,1.77,13.87,0.86,0.0,3,17.73,Credit Card
4723,1.57,24.1,3.59,0.0,1,28.69,Credit Card
4988,2.72,27.47,3.4,0.0,2,32.87,Credit Card
4973,2.57,25.56,1.96,0.0,0,27.52,Credit Card
4731,1.92,23.9,1.93,0.0,0,25.83,Credit Card
3902,7.25,31.04,1.03,0.0,1,33.07,Cash
4076,2.95,22.28,3.95,0.0,0,26.23,No Charge
63,2.71,11.61,0.26,0.0,0,11.87,Credit Card
582,0.61,6.53,0.5,0.0,0,7.03,Cash
2221,0.63,12.52,0.89,0.0,1,14.41,Credit Card
2464,3.34,17.58,0.04,0.0,0,17.62,Cash
1717,0.96,12.08,1.06,1.5,0,14.64,Credit Card
1826,1.18,11.13,1.81,0.0,0,12.94,Credit Card
2131,1.2,14.16,2.31,0.0,0,16.47,Credit Card
5282,3.07,28.52,4.5,0.0,0,33.02,Credit Card
2137,2.87,15.89,0.7,0.0,0,16.59,Credit Card
4944,2.52,25.81,3.09,0.0,0,28.9,Credit Card
729,2.69,9.71,0.94,0.0,2,12.65,Credit Card
4940,1.05,19.0,1.4,0.0,0,20.4,Credit Card
3487,1.96,20.21,2.15,0.0,0,22.36,No Charge
4536,7.79,35.87,6.64,0.0,0,42.51,Credit Card
1659,1.2,12.23,2.13,0.5,0,14.86,Cash
4061,0.71,18.45,2.7,0.0,2,23.15,Credit Card
4003,1.03,18.09,3.25,0.0,0,21.34,Cash
3855,1.25,19.58,0.22,0.0,3,22.8,Cash
3476,1.6,18.06,0.46,0.0,0,18.52,Credit Card
2873,2.39,19.84,1.59,0.0,0,21.43,Credit Card
4820,2.49,26.29,2.65,0.0,0,28.94,Cash
3169,1.74,17.75,1.33,0.0,0,19.08,Mobile
3648,2.12,18.78,2.34,0.0,0,21.12,Mobile
2624,1.74,16.48,1.76,0.0,0,18.24,Cash
589,1.06,9.35,0.93,0.0,0,10.28,Cash
2761,2.15,20.08,0.39,0.0,0,20.47,Cash
4596,3.63,23.72,4.65,0.0,1,29.37,Mobile
919,4.43,19.01,2.43,0.5,0,21.94,Credit Card
4648,0.98,21.13,2.87,0.0,0,24.0,Credit Card
1358,2.7,14.0,0.72,0.0,0,14.72,Credit Card
780,1.69,11.28,2.21,0.0,1,14.49,Credit Card
1310,1.52,10.73,0.14,1.0,2,13.87,Credit Card
5182,1.38,23.04,2.62,0.0,0,25.66,Mobile
1880,2.85,15.09,2.26,0.0,0,17.35,Credit Card
4740,1.17,23.02,3.71,0.0,0,26.73,Credit Card
2552,0.67,13.48,1.6,0.0,0,15.08,Mobile
2449,1.36,15.95,1.5,0.0,0,17.45,Credit Card
2427,4.2,20.21,0.62,0.0,0,20.83,Mobile
1715,1.58,11.84,0.98,3.0,1,16.82,Mobile
4953,2.18,24.29,3.23,0.0,0,27.52,Credit Card
3581,1.66,17.52,1.92,0.0,0,19.44,Cash
936,3.86,17.74,2.9,0.0,0,20.64,Mobile
5092,2.67,27.61,1.65,0.0,0,29.26,Cash
2371,8.61,33.27,2.37,0.0,1,36.64,Credit Card
175,3.02,10.24,1.64,0.0,0,11.88,Credit Card
1397,0.88,8.06,0.03,0.0,0,8.09,Credit Card
5266,1.98,24.1,0.62,0.0,0,24.72,Cash
5236,4.97,31.44,4.06,0.0,2,37.5,Cash
1604,0.68,12.76,2.39,0.0,0,15.15,Cash
2761,5.99,24.22,3.73,0.0,1,28.95,Cash
2964,1.89,16.98,3.2,0.0,0,20.18,Cash
3251,1.33,18.75,2.76,0.0,0,21.51,Credit Card
3516,1.21,18.82,1.78,0.0,0,20.6,Credit Card
5191,1.71,26.07,4.39,0.0,0,30.46,Cash
1528,1.98,14.52,2.08,1.0,0,17.6,Cash
3735,1.22,17.14,1.04,0.0,1,19.18,Credit Card
1314,1.57,12.67,1.96,0.0,1,15.63,No Charge
2794,4.82,23.01,4.45,0.0,3,30.46,Cash
3221,1.15,17.51,3.42,0.0,0,20.93,Credit Card
2008,1.91,17.71,1.22,0.5,3,22.43,Cash
2347,3.15,16.99,2.61,0.0,0,19.6,Cash
4195,5.14,29.25,3.78,0.0,0,33.03,Cash
3537,1.65,18.21,2.79,0.0,0,21.0,Cash
2244,2.23,18.81,2.48,0.0,0,21.29,Credit Card
1729,1.01,11.78,1.15,0.0,0,12.93,Credit Card
4102,2.24,21.01,4.07,0.0,0,25.08,Cash
2067,2.49,16.03,1.05,0.0,0,17.08,Cash
1130,2.33,11.81,0.86,0.0,0,12.67,Cash
560,1.61,9.47,1.02,0.0,0,10.49,Cash
186,2.26,7.13,0.56,0.0,0,7.69,Cash
2240,0.74,11.94,0.05,0.0,0,11.99,Credit Card
1741,3.57,17.73,1.84,5.0,5,29.57,Cash
5344,0.85,23.53,2.77,0.0,0,26.3,Cash
3898,1.03,15.98,1.87,0.0,1,18.85,Cash
3651,0.76,14.78,0.69,0.0,1,16.47,Credit Card
5364,1.29,23.02,0.37,0.0,0,23.39,No Charge
415,2.16,11.51,0.09,0.0,1,12.6,Cash
1152,3.95,17.82,2.53,0.0,1,21.35,Credit Card
3014,5.55,28.22,2.65,0.0,1,31.87,Cash
4403,4.6,27.74,1.59,0.0,0,29.33,Cash
1708,2.1,11.31,2.07,0.0,0,13.38,Mobile
3276,1.27,18.57,0.28,0.0,2,20.85,No Charge
2477,1.6,15.63,0.07,1.0,1,17.7,Credit Card
2582,1.87,12.7,2.35,0.0,1,16.05,Credit Card
5043,2.67,24.09,4.8,0.0,0,28.89,Mobile
4948,1.83,22.3,1.74,0.0,3,27.04,Credit Card
3563,2.9,21.89,0.34,0.0,0,22.23,Credit Card
2994,0.84,14.63,2.14,0.0,0,16.77,Credit Card
2883,1.63,16.62,0.95,0.0,1,18.57,Credit Card
3016,1.44,17.09,1.94,0.0,0,19.03,Credit Card
1179,1.51,9.8,1.05,0.0,0,10.85,Credit Card
262,2.06,10.86,0.19,0.0,0,11.05,Mobile
1473,2.15,12.6,0.53,0.0,0,13.13,Credit Card
3389,2.33,21.44,1.33,0.0,0,22.77,Credit Card
2367,1.84,16.06,1.96,0.0,0,18.02,Cash
4205,2.91,20.5,3.86,0.0,0,24.36,Credit Card
2436,1.75,15.01,0.04,0.0,3,18.05,Credit Card
3175,1.06,16.16,2.95,0.0,1,20.11,Credit Card
3084,3.19,21.27,3.56,0.0,0,24.83,Mobile
4366,1.13,20.19,2.56,0.0,0,22.75,Credit Card
3710,4.8,26.63,2.5,0.0,1,30.13,Credit Card
3203,1.0,16.11,2.73,0.0,0,18.84,Credit Card
3705,1.17,18.35,0.93,0.0,0,19.28,Credit Card
3804,2.67,21.97,4.07,0.0,1,27.04,Credit Card
220,2.87,9.36,1.59,0.0,0,10.95,Credit Card
1565,1.91,12.33,1.39,0.0,0,13.72,Credit Card
4838,2.47,22.49,1.65,0.0,0,24.14,Cash
871,4.29,16.78,2.13,0.0,3,21.91,Credit Card
1289,4.43,16.41,1.39,5.0,0,22.8,Credit Card
3077,0.91,18.39,2.71,0.0,2,23.1,Credit Card
4960,3.99,29.76,4.3,0.0,0,34.06,Credit Card
3973,1.22,17.19,1.31,0.0,2,20.5,Credit Card
1392,2.69,12.84,0.79,0.0,0,13.63,Cash
2987,5.67,25.84,3.37,0.0,1,30.21,Cash
3781,1.9,22.55,1.22,0.0,0,23.77,Cash
1008,1.25,10.78,1.77,0.5,0,13.05,Credit Card
3620,1.59,17.15,2.4,0.0,0,19.55,Credit Card
4368,1.12,18.05,0.8,0.0,1,19.85,Cash
2163,2.82,15.14,2.28,0.0,0,17.42,Mobile
999,1.53,6.36,1.2,0.0,1,8.56,Credit Card
1804,0.76,11.35,0.09,0.0,0,11.44,No Charge
2276,1.35,13.27,1.14,0.0,0,14.41,Cash
366,1.37,7.73,1.25,0.0,0,8.98,Credit Card
4658,2.88,25.7,5.06,0.0,0,30.76,Credit Card
3091,2.92,19.97,3.4,0.0,0,23.37,Mobile
1148,2.3,10.04,1.39,0.0,1,12.43,Cash
5113,2.75,25.38,4.01,0.0,0,29.39,Credit Card
1680,2.07,13.31,0.45,0.0,0,13.76,Cash
5349,3.46,27.48,4.27,0.0,0,31.75,Credit Card
5166,1.12,23.48,0.89,0.0,1,25.37,Credit Card
4573,4.99,29.68,4.33,0.0,0,34.01,Credit Card
2713,0.8,15.53,1.31,0.0,1,17.84,Credit Card
5066,0.98,23.56,3.69,0.0,0,27.25,Cash
1465,3.15,13.1,0.86,0.0,1,14.96,Cash
4144,2.17,21.56,3.96,0.0,0,25.52,Credit Card
89,1.74,7.67,0.65,0.0,3,11.32,Credit Card
4925,3.75,31.15,1.54,0.0,1,33.69,Cash
2768,5.23,22.38,3.29,0.0,0,25.67,Credit Card
2763,1.74,16.9,0.78,0.0,1,18.68,Mobile
4694,3.4,27.37,5.41,0.0,2,34.78,Credit Card
933,2.34,11.78,1.27,0.0,1,14.05,Credit Card
1425,0.81,10.38,0.7,0.0,0,11.08,Mobile
4755,2.19,24.87,3.03,0.0,0,27.9,Credit Card
3295,3.56,23.16,2.29,0.0,2,27.45,Cash
995,1.51,9.57,1.26,0.0,0,10.83,Credit Card
313,4.67,15.15,2.1,0.0,1,18.25,Cash
237,2.22,7.97,0.75,0.0,3,11.72,Mobile
76,3.63,12.14,1.84,0.0,0,13.98,Cash
187,2.1,10.34,2.01,0.0,0,12.35,Mobile
3022,2.1,20.71,3.01,0.0,0,23.72,Credit Card
5309,2.83,28.99,5.75,0.0,2,36.74,Credit Card
650,0.87,7.87,0.57,1.0,2,11.44,Cash
1117,1.45,11.29,1.08,0.0,0,12.37,Credit Card
5278,3.77,28.7,3.97,0.0,0,32.67,Credit Card
933,2.12,8.82,0.81,0.0,2,11.63,Cash
3502,1.53,20.94,1.01,0.0,0,21.95,Cash
4246,2.42,22.36,3.49,0.0,0,25.85,Cash
2689,6.11,24.09,0.46,0.0,0,24.55,Cash
4499,0.63,20.45,2.84,0.0,0,23.29,Credit Card
2401,2.05,14.34,0.88,0.0,0,15.22,Credit Card
2936,1.61,15.25,2.37,0.0,0,17.62,No Charge
591,1.12,8.25,0.4,0.0,0,8.65,Credit Card
1904,6.36,20.95,2.53,0.0,0,23.48,Cash
3907,1.68,20.42,1.51,0.0,0,21.93,Credit Card
2209,3.8,18.74,1.32,0.0,0,20.06,Credit Card
5221,0.95,21.22,3.54,0.0,0,24.76,Cash
5186,0.85,19.94,2.96,0.0,0,22.9,Cash
3035,0.53,11.43,0.58,0.0,0,12.01,Credit Card
4023,3.47,24.97,0.6,0.0,2,27.57,Credit Card
3086,7.98,30.59,4.19,0.0,0,34.78,Cash
3911,3.66,24.59,2.44,0.0,1,28.03,Credit Card
1128,1.63,11.36,1.44,0.0,1,13.8,Credit Card
3908,1.37,19.71,2.76,0.0,1,23.47,Credit Card
1136,2.2,11.69,2.3,0.0,0,13.99,Credit Card
2422,2.41,21.31,2.59,0.0,1,24.9,Credit Card
165,0.76,5.18,0.69,0.0,0,5.87,Cash
200,5.41,15.48,2.78,0.0,0,18.26,Credit Card
3844,1.88,24.22,4.51,0.0,0,28.73,Credit Card
2372,3.48,17.92,2.06,0.0,3,22.98,Cash
4242,6.75,34.4,6.29,1.0,0,41.69,Credit Card
3771,5.66,31.0,3.36,0.0,0,34.36,Credit Card
3292,1.1,15.83,1.32,0.0,0,17.15,Cash
1088,1.13,8.39,0.41,0.0,1,9.8,Credit Card
532,0.77,8.39,0.88,1.5,0,10.77,Cash
666,4.16,14.78,2.93,3.0,1,21.71,Credit Card
553,0.77,5.36,0.04,0.0,0,5.4,Mobile
1529,2.72,16.98,2.78,0.0,0,19.76,Credit Card
1862,1.3,9.77,0.65,3.0,0,13.42,Credit Card
3530,2.06,18.71,3.55,0.0,0,22.26,Cash
3648,1.29,18.63,2.0,0.0,0,20.63,Credit Card
2988,1.33,16.49,1.07,0.5,3,21.06,Cash
4391,3.53,25.11,2.95,0.0,2,30.06,Credit Card
3767,2.41,21.07,4.14,0.0,0,25.21,Credit Card
3521,1.82,20.57,2.2,0.0,0,22.77,Credit Card
515,3.08,11.93,0.14,0.0,3,15.07,Cash
517,0.96,6.42,0.13,0.0,0,6.55,Credit Card
2951,2.52,17.63,1.5,0.0,1,20.13,Credit Card
2281,1.2,13.2,2.31,0.0,0,15.51,Credit Card
1074,2.05,14.98,1.78,0.0,0,16.76,Credit Card
664,2.3,11.97,1.08,0.0,0,13.05,Credit Card
1846,3.54,17.22,0.39,1.5,0,19.11,Credit Card
2114,1.26,13.57,0.16,0.0,1,14.73,Credit Card
746,1.84,10.41,1.25,0.0,0,11.66,Credit Card
4857,0.75,21.1,2.25,0.0,0,23.35,Cash
3827,2.0,21.42,2.18,0.0,1,24.6,Credit Card
4483,4.02,27.33,4.6,0.0,0,31.93,Cash
5057,7.31,35.6,5.93,0.0,1,42.53,Credit Card
3434,2.1,20.04,3.46,0.0,0,23.5,Credit Card
1499,0.93,11.21,1.99,0.0,0,13.2,Mobile
1185,3.67,16.47,0.23,0.0,1,17.7,Cash
219,1.83,10.82,1.6,0.0,0,12.42,Credit Card
604,2.58,10.77,1.66,0.0,0,12.43,Cash
1048,3.1,12.28,0.03,0.0,0,12.31,Cash
4593,2.94,25.28,0.84,0.0,2,28.12,Credit Card
2431,0.83,14.63,1.58,1.5,0,17.71,Credit Card
2743,2.48,19.2,0.27,0.0,1,20.47,Credit Card
4778,1.01,20.67,2.27,0.0,0,22.94,Credit Card
499,3.27,14.9,0.06,0.0,0,14.96,Credit Card
157,5.55,16.23,0.97,0.0,1,18.2,Credit Card
4749,2.74,26.2,3.64,0.0,1,30.84,Mobile
1468,0.51,8.74,0.09,0.0,2,10.83,Cash
2962,3.37,19.9,1.51,0.0,1,22.41,Credit Card
3481,1.6,17.5,2.45,0.0,0,19.95,Credit Card
5059,3.85,29.47,0.59,0.0,1,31.06,Credit Card
842,6.86,21.84,2.44,1.0,2,27.28,Credit Card
259,4.26,11.15,2.18,0.0,0,13.33,Credit Card
632,1.44,8.42,0.8,0.0,0,9.22,Credit Card
1309,0.86,8.88,1.27,0.0,2,12.15,Cash
4203,2.11,21.58,0.14,0.0,0,21.72,Cash
1834,1.25,12.47,1.07,0.5,1,15.04,Credit Card
4711,5.48,32.01,2.98,0.0,0,34.99,Cash
682,3.65,13.11,1.61,0.0,0,14.72,Credit Card
439,1.27,9.35,1.58,0.0,0,10.93,Credit Card
1019,3.61,14.07,0.98,0.0,0,15.05,Credit Card
3368,1.44,17.86,3.17,0.0,0,21.03,Credit Card
2998,3.83,21.9,2.34,0.0,0,24.24,Credit Card
906,1.6,8.22,1.53,0.0,2,11.75,Cash
1741,3.47,17.76,0.29,0.0,2,20.05,Cash
4119,1.3,21.95,2.9,0.0,0,24.85,Credit Card
2549,0.77,13.06,1.99,0.0,0,15.05,Credit Card
2530,0.92,15.83,2.37,0.0,0,18.2,Mobile
695,1.56,10.06,0.8,0.0,1,11.86,Credit Card
3902,1.95,18.82,1.3,0.0,0,20.12,Credit Card
5225,0.74,24.15,2.42,0.0,1,27.57,Credit Card
495,1.91,10.1,0.27,0.0,2,12.37,Cash
2821,3.23,21.02,2.35,0.0,0,23.37,Cash
1284,3.44,15.31,0.71,0.0,1,17.02,Credit Card
1819,1.46,11.39,1.43,0.0,3,15.82,Credit Card
893,0.77,7.11,0.2,0.0,0,7.31,Cash
2767,9.32,31.61,2.96,0.0,0,34.57,Credit Card
1448,0.81,8.07,0.89,0.0,0,8.96,Credit Card
3677,2.04,16.98,1.92,0.0,2,20.9,Credit Card
1570,5.37,21.87,0.51,0.0,0,22.38,Cash
2406,1.61,17.04,3.06,0.0,0,20.1,Credit Card
795,2.05,9.61,0.89,0.0,0,10.5,Credit Card
2925,1.52,15.99,1.84,0.0,1,18.83,Cash
4927,2.07,24.91,0.95,0.0,0,25.86,Credit Card
2773,2.8,20.35,1.97,0.0,1,23.32,Credit Card
2087,2.33,15.22,0.52,0.0,0,15.74,Credit Card
3589,1.12,18.45,1.16,0.0,0,19.61,Mobile
3067,3.35,22.56,0.44,0.0,0,23.0,Cash
1563,4.29,17.23,0.73,0.0,0,17.96,Cash
2229,0.83,12.55,1.09,0.0,2,15.64,Credit Card
4157,1.0,17.92,2.22,0.0,0,20.14,Cash
542,2.07,10.14,1.58,0.0,0,11.72,Credit Card
2396,2.43,13.13,1.06,0.0,0,14.19,Credit Card
5205,4.01,28.78,3.39,0.0,0,32.17,Credit Card
4616,2.55,23.81,1.44,0.0,0,25.25,Credit Card
4592,1.51,20.1,3.2,0.0,0,23.3,Credit Card
1984,4.63,20.6,3.07,0.5,0,24.17,Cash
4475,2.2,21.58,3.41,0.0,0,24.99,Credit Card
1123,3.41,13.42,0.11,0.0,2,15.53,Cash
4761,1.26,21.8,3.04,0.0,1,25.84,Cash
1521,2.61,13.76,2.7,0.0,2,18.46,Cash
516,3.04,13.54,1.69,0.0,2,17.23,Credit Card
506,9.28,27.04,3.19,0.0,0,30.23,Credit Card
4205,1.29,18.75,1.83,0.0,0,20.58,Cash
3539,3.06,21.39,0.19,0.0,0,21.58,Cash
4287,3.51,24.79,1.71,1.0,0,27.5,Cash
1341,2.9,13.4,1.55,0.0,0,14.95,Cash
3377,1.63,19.32,3.28,0.0,0,22.6,Credit Card
2193,1.84,11.81,2.33,0.0,0,14.14,Cash
3103,2.3,19.53,0.05,0.0,3,22.58,Credit Card
1631,2.76,14.01,0.54,0.0,1,15.55,Cash
4908,5.05,29.1,0.4,0.0,0,29.5,Credit Card
1443,3.07,14.13,0.36,0.0,0,14.49,Credit Card
4352,1.02,21.03,1.71,0.0,0,22.74,Mobile
4978,0.71,21.52,2.32,0.0,0,23.84,Credit Card
4689,2.09,22.03,3.49,0.0,3,28.52,Cash
5279,2.03,24.03,2.35,0.5,0,26.88,Credit Card
4431,3.02,26.21,0.83,0.0,2,29.04,Credit Card
4115,2.03,22.41,2.13,0.0,0,24.54,Credit Card
3902,1.09,17.59,1.63,0.0,0,19.22,Cash
4958,1.36,22.37,2.74,0.0,0,25.11,Credit Card
1644,1.57,10.57,0.02,0.0,0,10.59,Cash
1260,1.01,11.3,0.88,0.0,0,12.18,Credit Card
2667,1.33,13.96,0.85,0.0,0,14.81,Credit Card
107,2.03,8.55,1.38,0.0,0,9.93,Credit Card
3902,1.45,17.43,0.22,0.0,0,17.65,Credit Card
1836,2.45,15.28,2.23,0.5,0,18.01,Credit Card
3626,2.78,21.41,0.44,0.0,1,22.85,Mobile
1048,2.74,12.88,0.2,0.0,0,13.08,Mobile
5345,2.14,27.72,2.89,0.0,0,30.61,Mobile
896,1.44,11.79,1.94,0.0,0,13.73,Cash
1612,1.02,13.48,2.38,0.0,0,15.86,Cash
5328,3.4,29.98,3.97,0.0,0,33.95,Cash
709,2.37,9.77,0.51,0.0,1,11.28,Cash
1037,3.26,14.72,1.4,0.0,0,16.12,Credit Card
1194,1.31,7.83,1.1,0.0,0,8.93,Credit Card
1985,2.07,16.4,2.86,0.0,0,19.26,Credit Card
1293,0.8,10.09,1.6,1.0,0,12.69,Credit Card
245,2.31,9.56,0.37,0.0,0,9.93,Credit Card
4053,1.11,21.66,0.08,0.0,0,21.74,Cash
3799,1.07,21.0,4.06,0.0,0,25.06,Cash
4778,1.9,23.5,0.61,0.0,0,24.11,Cash
2664,1.53,16.4,2.32,0.0,2,20.72,Credit Card
314,1.72,8.64,0.03,0.0,0,8.67,Cash
733,1.32,7.2,0.66,0.0,5,12.86,Credit Card
2986,3.02,18.85,2.48,0.0,0,21.33,Credit Card
1495,2.97,11.73,0.91,0.0,0,12.64,Credit Card
1235,2.47,10.7,1.28,0.0,0,11.98,Credit Card
352,2.57,10.98,0.7,0.0,0,11.68,Cash
1539,1.58,11.94,0.96,0.0,0,12.9,Mobile
5275,6.67,36.15,4.41,0.0,0,40.56,Cash
4408,4.23,26.23,2.74,0.0,0,28.97,Cash
1695,1.86,12.91,0.71,0.0,0,13.62,Credit Card
2724,2.52,18.56,2.34,0.0,1,21.9,Credit Card
395,0.82,5.51,0.25,0.0,0,5.76,Credit Card
4085,1.08,20.39,1.47,0.0,1,22.86,Credit Card
4713,3.19,26.53,4.71,0.0,3,34.24,Cash
2567,5.57,26.31,0.2,0.0,0,26.51,Credit Card
2979,4.75,23.24,4.02,0.0,1,28.26,Credit Card
2824,1.64,18.22,0.85,0.0,1,20.07,Credit Card
3105,2.18,19.1,0.59,0.0,0,19.69,Credit Card
703,1.18,8.0,0.87,1.5,0,10.37,Credit Card
2107,1.62,14.33,0.88,0.0,0,15.21,Credit Card
2182,4.58,20.05,2.53,0.0,0,22.58,Cash
3585,1.92,17.95,2.17,0.0,1,21.12,Cash
3391,1.29,17.95,1.04,5.0,0,23.99,Cash
1680,1.76,11.95,2.3,0.5,0,14.75,Credit Card
1352,0.95,10.37,0.58,0.0,0,10.95,Credit Card
3222,4.33,25.98,4.45,1.5,1,32.93,Credit Card
3881,3.69,23.81,2.17,0.0,0,25.98,Cash
1386,4.11,15.54,2.89,0.0,0,18.43,Cash
4989,0.6,22.94,3.81,0.0,2,28.75,Cash
2329,1.8,15.63,0.77,0.0,2,18.4,Credit Card
5373,1.84,24.89,3.6,0.0,1,29.49,Cash
1335,7.46,24.51,3.65,0.0,0,28.16,Credit Card
2791,0.94,15.22,2.36,0.0,0,17.58,Cash
4980,2.42,28.4,4.29,0.0,2,34.69,Cash
1575,1.74,11.62,2.31,0.0,3,16.93,Credit Card
2660,2.9,21.26,1.5,0.0,1,23.76,Credit Card
4299,1.48,20.82,1.24,0.0,0,22.06,Mobile
3256,1.17,15.16,0.81,0.0,0,15.97,Cash
3598,2.47,20.69,3.14,0.0,0,23.83,Cash
3279,2.67,21.76,3.57,0.0,0,25.33,Credit Card
4695,1.59,22.39,1.94,0.0,0,24.33,Cash
4767,3.19,25.51,4.82,0.0,0,30.33,Credit Card
2716,3.29,23.84,4.73,0.0,2,30.57,Credit Card
2740,3.14,16.95,1.6,0.0,2,20.55,Credit Card
4622,2.14,22.22,1.01,0.0,0,23.23,Mobile
5162,3.65,30.29,4.41,0.0,0,34.7,Credit Card
3063,4.87,24.51,0.47,0.0,2,26.98,Credit Card
4348,1.01,18.74,1.18,0.0,0,19.92,Mobile
3389,1.63,16.07,3.07,0.0,1,20.14,Credit Card
4809,1.98,25.28,3.39,1.0,2,31.67,Cash
3647,1.72,17.35,1.07,0.0,0,18.42,Credit Card
3190,2.0,18.64,1.95,0.0,1,21.59,Cash
3229,1.57,19.12,0.6,0.0,0,19.72,Credit Card
1654,0.58,7.72,1.47,0.0,1,10.19,Credit Card
135,1.26,8.27,0.67,0.0,3,11.94,Credit Card
971,0.51,6.82,0.74,0.0,1,8.56,Credit Card
4715,5.7,30.49,4.36,0.0,0,34.85,Credit Card
3672,1.57,18.83,0.13,0.0,3,21.96,Credit Card
3033,0.92,13.48,2.23,0.0,0,15.71,Cash
310,0.49,6.02,0.71,0.0,0,6.73,Credit Card
4067,3.48,25.06,4.79,0.0,0,29.85,Cash
3166,2.42,20.08,3.66,0.0,0,23.74,No Charge
3140,0.6,16.57,2.81,0.5,0,19.88,Cash
2358,1.5,14.31,0.63,0.0,1,15.94,Cash
3330,2.05,18.71,0.33,0.0,0,19.04,Mobile
1101,1.82,9.58,0.84,0.0,3,13.42,Credit Card
3303,2.21,20.11,2.94,0.0,0,23.05,Cash
4729,2.48,23.8,2.4,0.0,0,26.2,Credit Card
2321,2.0,14.75,1.94,0.0,2,18.69,Credit Card
1534,0.86,8.95,0.35,0.0,0,9.3,Credit Card
262,4.08,12.78,1.93,0.0,0,14.71,Cash
657,1.99,9.25,1.07,0.0,1,11.32,Credit Card
3663,1.62,16.94,1.22,0.0,0,18.16,Credit Card
1521,2.03,10.29,0.92,0.0,0,11.21,Credit Card
3642,2.46,19.92,1.69,0.0,0,21.61,Cash
2472,0.92,13.88,0.27,0.0,0,14.15,Credit Card
2047,1.64,14.31,0.61,0.0,0,14.92,Cash
3076,1.92,15.96,2.78,0.0,0,18.74,Credit Card
3391,2.46,20.57,3.84,0.0,1,25.41,Credit Card
5132,5.95,33.39,6.54,0.0,1,40.93,Cash
3332,1.85,19.83,2.77,0.0,2,24.6,Cash
1968,2.42,14.4,2.63,0.0,1,18.03,Credit Card
1461,2.51,15.96,0.85,0.0,0,16.81,Cash
4445,1.54,20.92,0.94,0.0,0,21.86,Cash
279,2.44,9.47,0.94,0.0,0,10.41,Cash
4240,1.41,18.34,3.44,0.0,0,21.78,Mobile
4878,6.19,33.94,5.78,0.0,0,39.72,Credit Card
1742,4.83,19.22,3.61,0.0,0,22.83,Credit Card
4269,2.14,19.8,3.8,0.0,0,23.6,Credit Card
3570,1.93,19.83,0.47,0.0,3,23.3,Credit Card
3794,1.67,19.69,3.6,0.0,3,26.29,Credit Card
3664,2.66,21.4,0.09,0.0,0,21.49,Credit Card
2979,0.66,17.35,1.37,0.0,0,18.72,Cash
1116,1.67,8.58,0.16,0.0,0,8.74,Cash
4278,1.62,23.46,1.86,0.0,2,27.32,Credit Card
5044,2.05,27.19,4.15,0.0,5,36.34,Cash
5158,2.1,21.22,3.54,1.5,0,26.26,Cash
400,1.31,6.57,0.66,0.0,0,7.23,Cash
1331,2.81,15.38,1.91,1.5,0,18.79,Mobile
390,5.2,15.74,0.55,0.0,0,16.29,Credit Card
4422,2.54,20.43,0.45,0.0,1,21.88,Credit Card
3016,2.29,17.92,1.42,0.0,0,19.34,Cash
4626,2.27,25.21,3.8,0.0,0,29.01,Credit Card
1732,2.49,17.13,0.61,0.0,0,17.74,Cash
4617,1.03,20.35,1.24,0.0,1,22.59,Cash
3012,1.27,18.75,0.97,0.0,0,19.72,Cash
4004,2.07,22.97,1.25,0.0,3,27.22,Cash
1643,2.98,14.0,1.92,0.0,0,15.92,Credit Card
3535,2.61,22.03,0.48,0.0,0,22.51,Credit Card
4794,2.11,25.22,2.23,0.0,2,29.45,Cash
4135,0.36,17.33,1.52,0.0,0,18.85,Credit Card
2487,2.61,16.95,2.48,0.0,0,19.43,No Charge
2254,2.47,17.04,0.91,0.0,0,17.95,Credit Card
662,4.28,16.43,2.28,0.0,1,19.71,Credit Card
4219,5.01,28.02,0.34,0.0,0,28.36,Credit Card
1518,1.18,12.49,2.07,0.0,3,17.56,Credit Card
5382,2.01,27.74,3.09,0.0,3,33.83,Mobile
917,1.19,7.45,0.1,0.0,0,7.55,Mobile
4460,1.2,21.58,1.08,0.0,0,22.66,Credit Card
5340,3.24,28.1,2.41,0.0,1,31.51,Credit Card
4396,2.18,21.58,3.45,0.0,0,25.03,Mobile
4144,3.45,26.05,3.08,0.0,0,29.13,Cash
5053,0.95,19.76,2.39,1.0,1,24.15,Credit Card
1334,1.89,11.73,1.0,0.0,1,13.73,Credit Card
1243,1.48,15.11,2.45,0.0,1,18.56,Cash
1162,0.94,8.02,1.08,0.0,2,11.1,Cash
3900,0.66,18.17,3.6,0.0,0,21.77,Credit Card
3850,3.67,21.61,3.07,0.0,2,26.68,Credit Card
2827,1.16,13.97,1.69,0.0,0,15.66,Credit Card
4244,1.11,21.12,1.3,0.0,0,22.42,Credit Card
5285,2.56,27.46,4.57,0.0,0,32.03,Mobile
2721,2.33,16.26,1.66,0.0,1,18.92,Credit Card
4741,2.08,21.54,3.88,0.0,0,25.42,Credit Card
4986,1.08,24.44,4.39,0.0,0,28.83,Credit Card
2170,7.02,26.93,0.56,0.0,0,27.49,Credit Card
2372,3.64,19.0,2.56,0.0,1,22.56,Credit Card
511,6.11,18.4,3.49,0.0,0,21.89,Mobile
3246,0.83,14.4,1.44,0.0,1,16.84,Cash
2002,1.74,11.4,0.62,0.0,1,13.02,Cash
392,1.11,8.46,0.02,0.0,0,8.48,Credit Card
3120,1.01,17.01,1.65,0.0,1,19.66,Credit Card
2943,2.69,18.96,0.61,0.0,0,19.57,Credit Card
4773,2.85,23.34,3.24,0.0,0,26.58,Mobile
1282,2.59,12.59,1.38,0.0,0,13.97,Credit Card
4104,7.32,33.2,5.41,0.0,2,40.61,Credit Card
710,4.57,15.89,1.67,0.0,2,19.56,Credit Card
3829,1.12,19.66,3.51,0.0,0,23.17,Credit Card
1993,2.6,15.84,0.62,0.0,0,16.46,Cash
4125,2.6,26.45,1.3,0.0,0,27.75,Credit Card
3244,3.27,21.55,1.35,0.0,0,22.9,Credit Card
1801,3.36,16.29,2.43,0.0,0,18.72,Credit Card
4576,5.59,31.17,3.28,0.0,1,35.45,Credit Card
4188,3.9,24.27,2.26,0.0,0,26.53,Credit Card
1838,4.87,21.18,3.81,1.5,1,27.49,Credit Card
4898,2.51,25.62,4.62,0.0,0,30.24,Cash
2813,0.76,14.72,2.43,0.0,0,17.15,Credit Card
3703,3.6,24.44,4.17,0.0,0,28.61,Credit Card
3626,1.22,16.78,0.63,1.5,0,18.91,Cash
407,1.37,8.03,0.62,0.0,0,8.65,Credit Card
117,1.52,6.93,1.13,0.0,0,8.06,Credit Card
2791,1.66,15.33,1.2,0.0,0,16.53,Cash
3077,2.44,18.48,0.74,0.0,5,24.22,Cash
2886,3.9,20.59,1.71,0.0,0,22.3,Cash
3281,3.6,24.48,4.53,0.0,0,29.01,Cash
3953,3.21,25.27,0.71,0.0,0,25.98,Credit Card
706,1.95,9.71,0.53,0.0,0,10.24,Credit Card
4918,4.76,28.13,4.37,0.0,2,34.5,Credit Card
2440,1.85,15.53,1.63,0.0,1,18.16,Cash
4057,2.76,21.65,2.44,0.0,1,25.09,Cash
2413,0.84,12.52,1.54,0.0,0,14.06,Cash
3632,0.8,17.63,0.18,0.0,0,17.81,Credit Card
4041,1.79,20.6,2.21,0.0,1,23.81,Cash
851,2.95,13.56,0.87,0.0,0,14.43,Credit Card
1742,3.0,15.06,1.82,0.0,0,16.88,Cash
4533,0.3,18.33,2.78,0.0,0,21.11,Credit Card
2001,3.45,18.62,1.26,0.0,0,19.88,Credit Card
1196,1.19,6.72,0.63,0.0,0,7.35,Cash
382,4.8,20.09,1.44,0.0,0,21.53,Credit Card
813,4.14,14.71,2.34,0.0,1,18.05,Cash
1378,1.16,9.72,1.38,0.0,2,13.1,Credit Card
578,2.97,9.39,0.92,0.0,0,10.31,No Charge
3553,2.51,20.56,2.27,0.0,0,22.83,Credit Card
3628,0.65,16.67,1.48,0.0,3,21.15,Credit Card
1743,1.67,11.68,0.99,0.0,2,14.67,Cash
4084,1.0,19.97,2.97,0.0,0,22.94,Mobile
3231,1.93,17.59,2.31,0.0,0,19.9,Credit Card
5014,2.66,26.86,2.09,0.5,1,30.45,Mobile
1991,1.93,14.86,0.94,0.0,0,15.8,Credit Card
4733,3.85,27.56,2.51,0.0,0,30.07,Credit Card
3208,3.21,18.82,3.54,0.0,0,22.36,Cash
5055,2.86,26.85,4.32,0.0,0,31.17,Credit Card
3538,1.35,17.13,2.58,0.0,0,19.71,Credit Card
5388,1.43,27.14,2.04,0.0,1,30.18,Cash
2223,1.9,14.55,2.08,0.0,0,16.63,Credit Card
2305,0.55,12.81,1.55,0.0,1,15.36,Cash
4788,4.61,29.18,3.09,0.0,0,32.27,Credit Card
775,0.65,6.48,0.01,0.0,0,6.49,Cash
91,4.01,10.9,1.22,1.5,0,13.62,Cash
4371,1.05,18.87,0.41,0.0,0,19.28,Credit Card
753,0.83,7.28,0.22,1.0,0,8.5,Credit Card
2217,2.63,17.06,2.78,3.0,0,22.84,Cash
3021,3.41,21.32,0.04,0.5,1,22.86,Credit Card
5171,1.94,26.55,1.21,1.0,0,28.76,Cash
906,1.97,9.96,1.68,0.0,3,14.64,Credit Card
987,0.97,9.16,1.42,0.0,1,11.58,Cash
1649,2.14,13.14,2.44,0.0,0,15.58,Credit Card
767,1.24,9.69,0.1,0.0,2,11.79,Credit Card
1337,1.84,11.91,2.35,0.0,0,14.26,Credit Card
205,1.97,8.76,0.3,0.0,2,11.06,Credit Card
4402,3.56,25.28,0.36,0.0,0,25.64,Cash
3841,3.86,25.62,0.88,0.0,5,31.5,Credit Card
1429,3.1,16.19,0.11,0.0,0,16.3,Credit Card
3515,2.06,20.4,2.1,0.0,1,23.5,Credit Card
2492,0.71,11.87,1.03,0.0,2,14.9,Credit Card
2257,4.57,19.28,1.44,0.0,0,20.72,Cash
4688,1.35,21.84,3.45,0.0,0,25.29,Credit Card
821,1.22,8.13,0.54,0.0,0,8.67,Credit Card
2592,1.5,13.2,1.13,0.0,2,16.33,Credit Card
1647,1.22,11.37,1.94,0.0,0,13.31,Mobile
4758,2.14,24.54,3.8,0.0,0,28.34,Cash
530,1.44,6.9,0.88,0.0,0,7.78,Credit Card
3335,4.05,23.89,2.34,0.0,0,26.23,Credit Card
3167,0.87,14.8,2.24,0.0,5,22.04,Credit Card
4361,1.37,21.26,4.03,0.0,0,25.29,Cash
3191,0.42,14.02,1.68,0.0,0,15.7,Cash
2142,2.16,14.93,2.96,0.0,0,17.89,Cash
2005,5.36,21.25,2.23,0.5,2,25.98,Mobile
2992,1.39,13.05,0.78,0.0,0,13.83,Cash
2996,1.46,19.61,1.47,0.0,1,22.08,Credit Card
160,1.46,4.83,0.2,0.0,0,5.03,Cash
3512,3.48,24.68,0.09,0.0,0,24.77,Cash
3683,3.66,24.6,2.18,0.0,1,27.78,Cash
2822,0.73,13.51,0.1,0.0,0,13.61,Credit Card
172,2.46,8.04,0.04,0.0,0,8.08,Credit Card
3939,5.46,27.18,2.06,0.0,0,29.24,Cash
4050,1.24,20.53,0.03,0.0,2,22.56,Credit Card
699,1.43,7.92,0.44,0.0,0,8.36,Cash
5363,1.03,23.72,1.79,0.0,2,27.51,Credit Card
1998,1.36,12.89,1.61,0.0,1,15.5,Credit Card
5169,0.76,22.97,0.28,0.0,0,23.25,Credit Card
4704,2.46,25.52,4.04,0.0,1,30.56,Credit Card
3418,1.29,19.78,3.01,0.0,1,23.79,Credit Card
4344,2.19,22.89,2.59,0.0,1,26.48,Cash
4250,1.46,21.13,4.2,0.0,0,25.33,Cash
1707,1.38,11.12,1.79,0.0,0,12.91,Credit Card
1295,6.21,20.3,1.98,1.0,0,23.28,Cash
2002,1.25,11.78,0.15,0.0,0,11.93,Cash
2526,1.53,14.05,2.03,0.0,0,16.08,Credit Card
909,1.52,9.2,0.84,0.0,2,12.04,Cash
4012,2.68,22.66,4.14,0.0,2,28.8,Cash
438,1.17,9.19,0.14,0.0,0,9.33,Credit Card
758,3.66,12.71,1.54,0.0,0,14.25,Credit Card
1845,3.38,16.58,2.82,0.0,0,19.4,Mobile
1607,2.45,14.71,1.24,0.0,0,15.95,Cash
4773,1.2,24.51,0.53,0.0,0,25.04,Credit Card
981,1.31,8.87,0.51,0.0,0,9.38,Credit Card
1378,0.4,9.79,1.79,0.0,0,11.58,Credit Card
1440,0.97,11.47,0.48,0.0,0,11.95,Credit Card
2243,4.59,21.01,2.35,0.0,0,23.36,Credit Card
656,2.38,13.18,1.53,0.0,0,14.71,Credit Card
2079,5.71,22.11,1.4,0.0,0,23.51,Credit Card
1157,2.41,14.77,2.94,0.0,0,17.71,Credit Card
1315,1.66,11.51,1.84,0.0,1,14.35,Cash
3377,1.88,17.56,0.11,0.0,0,17.67,Credit Card
984,2.06,11.86,0.26,0.0,3,15.12,Cash
5172,0.69,18.88,0.94,0.0,0,19.82,Credit Card
674,2.26,12.88,1.91,0.0,0,14.79,Credit Card
2974,3.46,19.05,1.45,0.0,0,20.5,Credit Card
2609,3.01,13.53,1.1,0.0,0,14.63,No Charge
5001,1.12,22.86,2.52,0.0,0,25.38,Mobile
527,2.14,7.86,0.1,0.0,0,7.96,Cash
2012,1.9,15.75,0.65,0.0,0,16.4,Credit Card
2514,3.38,16.46,1.17,0.0,0,17.63,Credit Card
3860,1.64,18.06,2.83,0.0,0,20.89,Credit Card
1006,2.82,14.4,2.68,0.0,0,17.08,Cash
1875,0.61,10.89,1.28,0.0,0,12.17,Credit Card
1786,1.43,14.68,0.17,0.0,0,14.85,Cash
2792,3.76,22.01,2.27,1.0,0,25.28,Cash
1462,1.17,11.22,1.71,1.5,0,14.43,Credit Card
855,4.27,17.38,1.11,0.0,2,20.49,Credit Card
208,1.46,5.51,0.99,0.0,0,6.5,Cash
4158,0.32,15.3,0.42,0.0,0,15.72,Credit Card
4757,3.05,25.94,0.26,0.0,2,28.2,Credit Card
1460,1.05,10.84,0.5,0.0,0,11.34,Credit Card
4395,2.52,23.29,1.49,0.0,0,24.78,Cash
2570,4.21,20.86,1.19,0.0,1,23.05,Credit Card
2010,2.37,15.29,2.99,0.0,0,18.28,Cash
5255,1.93,28.77,1.19,0.0,0,29.96,Mobile
3337,2.56,22.12,3.85,0.0,1,26.97,Credit Card
2567,1.28,14.21,2.42,0.0,2,18.63,Cash
3986,5.87,26.92,1.25,0.0,0,28.17,Cash
4917,8.43,37.43,2.24,0.0,2,41.67,Cash
3969,4.26,27.24,1.45,0.0,2,30.69,Credit Card
4570,1.01,20.22,3.66,0.0,1,24.88,Credit Card
5195,2.41,24.49,1.42,0.0,0,25.91,Cash
2741,0.91,12.32,1.03,0.0,1,14.35,Credit Card
3187,1.05,15.78,2.79,1.5,0,20.07,Cash
777,1.7,9.57,1.69,0.0,2,13.26,Credit Card
649,2.29,12.3,2.38,0.0,2,16.68,Mobile
1048,1.83,12.48,0.91,0.0,3,16.39,Credit Card
3179,2.67,20.09,0.68,0.0,0,20.77,Credit Card
2315,3.14,19.92,2.21,0.0,0,22.13,Cash
5007,2.75,22.22,2.34,0.0,0,24.56,Cash
2390,2.36,17.11,1.71,0.0,3,21.82,Credit Card
4487,1.96,22.45,1.91,0.0,0,24.36,Mobile
4164,6.48,30.81,0.17,0.0,1,31.98,Credit Card
4963,2.57,28.48,1.61,0.0,0,30.09,Credit Card
4036,3.53,24.65,2.38,0.0,0,27.03,Cash
3765,1.24,15.87,0.88,0.0,0,16.75,Credit Card
490,1.05,6.1,0.01,0.0,0,6.11,Credit Card
1694,2.79,16.64,1.35,0.0,0,17.99,Credit Card
2022,2.46,15.74,1.03,0.0,0,16.77,No Charge
2328,4.19,21.68,3.8,0.0,1,26.48,Credit Card
269,1.53,5.16,0.25,0.0,0,5.41,Cash
509,1.32,6.34,0.58,0.0,1,7.92,Cash
1275,3.29,14.83,1.62,0.0,0,16.45,Cash
4404,4.45,27.58,0.68,0.0,2,30.26,Credit Card
5164,0.78,24.66,2.39,0.0,0,27.05,Credit Card
5137,5.26,32.82,1.42,0.0,0,34.24,Credit Card
1487,0.64,10.2,0.73,0.0,0,10.93,Credit Card
2559,4.55,22.09,2.05,0.0,0,24.14,Credit Card
643,0.73,5.75,0.12,0.0,1,6.87,Cash
1737,1.59,9.32,0.17,0.0,0,9.49,Credit Card
3717,1.66,18.18,3.58,0.0,0,21.76,Cash
2938,2.22,18.29,1.4,0.0,0,19.69,Cash
571,1.0,5.06,0.06,0.0,0,5.12,Credit Card
609,0.57,7.84,0.02,0.0,0,7.86,Credit Card
4949,1.15,23.62,4.5,0.0,1,29.12,Credit Card
1263,3.5,16.48,2.01,0.0,0,18.49,Credit Card
3406,2.03,18.44,0.46,0.0,0,18.9,Credit Card
3524,2.15,18.07,1.78,0.0,0,19.85,Credit Card
3754,1.58,21.23,3.43,0.0,0,24.66,Mobile
2977,2.08,17.49,1.81,0.0,1,20.3,Cash
3012,3.18,22.12,0.53,0.0,0,22.65,Credit Card
1535,5.81,23.27,3.04,0.0,2,28.31,No Charge
1987,1.7,13.04,0.79,0.0,1,14.83,Credit Card
5034,1.69,23.6,2.05,0.0,0,25.65,Cash
222,1.56,9.28,0.5,0.0,3,12.78,Mobile
845,4.05,14.71,1.81,1.5,0,18.02,Credit Card
1589,3.28,16.41,1.2,0.0,3,20.61,Credit Card
3759,1.11,17.36,2.05,0.0,0,19.41,Credit Card
379,3.26,10.48,0.62,0.0,0,11.1,Cash
2459,1.71,16.08,2.92,0.0,2,21.0,Mobile
4178,1.4,19.99,3.22,0.0,2,25.21,Cash
770,1.95,7.77,0.79,0.0,0,8.56,Cash
2356,2.42,18.76,3.13,0.0,0,21.89,Credit Card
2592,1.38,14.78,0.81,0.0,0,15.59,Credit Card
3664,1.21,16.34,1.11,0.0,0,17.45,Cash
1291,6.47,21.9,0.38,0.0,0,22.28,Cash
4519,2.24,22.3,2.15,0.0,0,24.45,Credit Card
4732,2.64,24.59,3.1,0.0,0,27.69,Cash
1638,2.67,16.18,1.57,0.0,0,17.75,Cash
3231,2.03,20.96,1.93,0.0,0,22.89,Credit Card
4730,1.28,22.17,2.33,0.0,1,25.5,Cash
2560,4.07,20.04,0.14,0.0,1,21.18,Credit Card
727,4.42,15.06,0.35,1.0,3,19.41,Credit Card
3074,3.49,21.56,0.28,0.0,0,21.84,Cash
2873,1.21,15.87,1.0,0.0,1,17.87,Credit Card
5018,2.93,26.13,4.21,0.0,0,30.34,Credit Card
4211,2.92,25.31,0.92,0.0,0,26.23,Cash
743,2.55,10.88,1.12,0.0,2,14.0,Cash
4010,0.99,19.69,1.95,0.0,0,21.64,No Charge
4058,3.68,25.5,3.06,0.0,2,30.56,Credit Card
3588,4.22,29.74,0.36,0.0,0,30.1,Cash
3210,1.79,18.45,1.41,0.0,0,19.86,Credit Card
3077,2.68,19.42,1.04,0.0,0,20.46,Cash
2662,1.84,16.53,1.43,0.0,0,17.96,Cash
1236,3.11,15.52,3.03,0.5,0,19.05,Cash
4276,1.3,21.01,0.94,0.0,3,24.95,Credit Card
1333,2.51,13.47,1.98,0.0,2,17.45,Credit Card
3255,4.97,24.05,2.58,0.0,1,27.63,Credit Card
109,1.74,7.5,0.64,0.0,0,8.14,Credit Card
1988,2.76,16.4,1.86,1.5,0,19.76,Credit Card
2453,1.73,15.5,2.88,0.0,2,20.38,Cash
3324,1.88,18.61,1.37,0.0,0,19.98,Credit Card
1476,1.56,11.52,1.74,0.0,0,13.26,Credit Card
3324,1.01,16.64,1.88,0.0,0,18.52,Cash
1345,0.56,9.31,1.18,0.0,0,10.49,Credit Card
4005,4.18,23.34,3.74,0.0,0,27.08,Cash
3469,3.69,21.13,2.44,0.0,1,24.57,No Charge
4387,2.33,23.75,0.32,0.0,1,25.07,Credit Card
897,2.82,12.42,0.13,0.0,0,12.55,Cash
2674,2.29,18.37,1.68,0.0,0,20.05,Credit Card
1322,2.0,12.29,2.41,0.0,0,14.7,Credit Card
4790,1.83,23.17,0.41,0.0,0,23.58,Cash
4046,3.59,24.3,3.4,0.0,0,27.7,Credit Card
4692,1.58,21.01,1.16,0.0,0,22.17,Cash
2180,0.91,11.65,1.88,0.0,0,13.53,Cash
363,1.96,10.43,0.62,0.5,0,11.55,Cash
4160,7.84,34.15,6.67,0.0,0,40.82,No Charge
3887,3.47,24.93,3.6,0.0,0,28.53,Credit Card
1023,2.39,14.12,2.79,0.0,0,16.91,Cash
1076,1.83,14.44,1.08,0.0,0,15.52,Cash
2102,2.03,11.68,1.09,0.0,1,13.77,Credit Card
4226,3.11,27.46,1.1,0.0,0,28.56,Credit Card
3380,1.52,17.6,1.14,0.0,1,19.74,Credit Card
2534,2.25,15.4,0.43,0.0,0,15.83,Credit Card
3167,1.26,17.92,0.97,0.0,0,18.89,Cash
1533,1.94,12.85,1.68,0.0,0,14.53,Cash
1640,1.86,11.61,0.78,5.0,0,17.39,Cash
5325,1.58,26.13,1.31,0.0,1,28.44,Credit Card
5359,1.34,24.95,3.75,0.0,1,29.7,Credit Card
5237,5.51,33.95,1.0,0.0,0,34.95,Mobile
2141,2.02,17.57,1.21,0.0,1,19.78,Cash
5271,0.46,23.46,3.78,0.0,1,28.24,Cash
3470,2.49,21.21,3.19,0.0,5,29.4,Credit Card
756,1.5,8.7,0.31,0.0,3,12.01,Credit Card
951,2.12,12.3,1.58,0.0,3,16.88,Cash
2184,4.41,20.42,1.36,0.5,0,22.28,Cash
986,1.43,12.2,1.9,0.0,1,15.1,Credit Card
1844,2.84,12.88,2.15,0.0,1,16.03,Credit Card
133,2.97,7.99,0.7,0.0,0,8.69,Cash
1073,1.13,9.59,1.12,0.0,0,10.71,Credit Card
1328,3.75,16.01,1.55,0.5,3,21.06,Credit Card
1392,1.95,12.04,1.66,1.5,0,15.2,Cash
1126,4.35,16.1,1.62,0.0,0,17.72,Credit Card
3572,1.93,22.54,3.5,0.0,1,27.04,Credit Card
4305,3.1,25.0,4.17,0.0,3,32.17,Cash
3435,1.67,18.14,1.11,0.0,0,19.25,Credit Card
1008,7.91,23.12,3.82,0.0,3,29.94,Cash
4155,2.44,23.25,0.55,0.0,0,23.8,Credit Card
2039,3.44,18.15,1.55,0.0,0,19.7,Credit Card
2442,0.96,13.49,0.41,0.0,0,13.9,Cash
5006,2.88,26.13,1.44,0.0,0,27.57,Credit Card
1715,5.64,24.26,4.57,0.0,0,28.83,Cash
2105,3.82,19.44,3.73,0.0,0,23.17,Credit Card
2486,0.78,13.08,1.32,0.0,0,14.4,Cash
903,1.99,10.86,0.85,0.0,1,12.71,Mobile
2909,3.33,20.19,2.3,0.0,1,23.49,Mobile
4801,2.04,25.6,3.89,0.0,0,29.49,Credit Card
2722,0.99,14.45,1.88,0.0,0,16.33,Credit Card
928,4.19,16.41,2.83,0.0,0,19.24,Credit Card
450,2.03,9.0,0.58,0.0,0,9.58,Credit Card
5099,1.69,25.42,0.72,0.0,0,26.14,Credit Card
2994,0.71,10.76,1.3,0.0,0,12.06,Credit Card
5121,1.01,24.64,1.69,0.0,5,31.33,Credit Card
1305,1.06,8.21,0.7,0.0,0,8.91,Cash
1173,1.11,9.52,0.26,0.0,0,9.78,Cash
3925,2.06,23.69,4.37,0.0,0,28.06,Cash
1431,2.05,8.82,1.2,0.0,0,10.02,Cash
3224,0.57,14.86,0.63,0.0,3,18.49,Credit Card
3694,0.42,18.32,2.89,0.0,0,21.21,Cash
1608,1.71,12.69,1.72,0.0,0,14.41,Cash
1885,3.36,18.51,0.51,0.0,0,19.02,Credit Card
999,0.64,8.44,1.67,0.0,0,10.11,Mobile
780,2.34,13.15,2.21,0.0,0,15.36,Credit Card
5150,2.18,27.49,1.32,0.0,0,28.81,Cash
2702,0.89,13.75,2.14,0.0,0,15.89,Cash
805,3.6,13.72,0.13,0.0,0,13.85,Cash
90,5.37,12.81,1.16,5.0,1,19.97,Credit Card
3094,3.82,22.09,3.54,0.0,0,25.63,Cash
1369,0.59,9.34,0.61,0.0,1,10.95,Credit Card
4784,1.55,22.24,0.27,0.0,0,22.51,Cash
3365,2.27,19.51,2.75,0.0,3,25.26,Credit Card
2836,1.08,15.05,2.6,0.0,0,17.65,Credit Card
5269,1.08,23.13,1.88,0.0,0,25.01,Credit Card
948,1.23,7.64,1.27,0.0,0,8.91,Cash
376,2.84,9.03,1.61,0.0,0,10.64,Credit Card
1131,1.53,10.18,0.01,0.0,1,11.19,Credit Card
545,1.15,8.07,0.02,0.0,0,8.09,Credit Card
2981,2.87,17.22,2.74,0.0,0,19.96,Credit Card
2533,1.67,15.36,2.08,0.0,2,19.44,Credit Card
2887,3.03,20.27,3.04,0.0,1,24.31,Credit Card
4451,0.77,20.69,0.53,0.0,0,21.22,Credit Card
3078,8.66,34.35,0.95,0.0,0,35.3,Credit Card
972,3.62,13.59,1.75,0.0,0,15.34,Cash
256,2.71,9.78,1.35,1.0,0,12.13,Cash
3131,1.31,16.25,2.37,0.5,0,19.12,Cash
493,2.94,14.67,0.31,0.0,5,19.98,Credit Card
1849,2.77,13.77,2.07,0.0,1,16.84,Credit Card
3111,2.26,18.25,2.17,0.0,0,20.42,Credit Card
2562,0.85,15.17,0.1,0.0,3,18.27,Cash
4542,2.57,20.54,1.96,0.0,1,23.5,Cash
845,2.59,11.87,0.48,0.0,0,12.35,Credit Card
4259,2.34,21.17,1.52,0.0,0,22.69,Cash
4584,3.77,28.87,3.91,0.0,0,32.78,Cash
2377,6.46,27.62,2.24,1.5,2,33.36,Credit Card
2301,4.8,17.35,1.41,0.0,0,18.76,Credit Card
2160,1.93,14.04,1.99,0.0,0,16.03,Cash
203,1.73,8.54,0.22,0.0,1,9.76,Cash
2700,2.71,20.31,1.18,0.0,0,21.49,Mobile
3329,0.3,14.38,1.53,0.0,0,15.91,Cash
1369,3.7,16.82,2.79,0.0,1,20.61,Credit Card
1435,0.99,14.26,2.46,0.0,0,16.72,Credit Card
1779,2.76,15.93,3.04,0.0,0,18.97,Cash
4120,2.01,18.8,1.45,0.0,2,22.25,Cash
5375,1.79,26.61,4.92,0.0,5,36.53,Cash
123,1.47,4.09,0.73,0.0,1,5.82,Credit Card
93,2.46,8.78,0.94,0.0,3,12.72,Mobile
2283,0.6,14.17,0.45,0.0,0,14.62,Credit Card
1622,1.1,14.28,1.02,0.0,0,15.3,Cash
3475,2.29,21.18,0.22,0.0,0,21.4,Credit Card
1615,1.66,10.73,1.05,0.0,0,11.78,Cash
1781,1.42,13.99,1.08,0.0,0,15.07,Credit Card
2317,1.35,13.93,1.41,0.0,0,15.34,Cash
2059,2.06,14.1,1.92,0.0,0,16.02,Credit Card
3380,2.84,19.54,2.78,0.0,0,22.32,Cash
2143,0.88,13.03,1.73,0.0,0,14.76,Credit Card
908,1.7,9.77,1.51,0.0,0,11.28,Credit Card
3697,2.37,23.63,4.24,0.0,0,27.87,Cash
1550,1.17,14.37,1.39,0.0,0,15.76,Credit Card
5023,2.64,25.64,2.89,0.0,2,30.53,Cash
2016,0.96,11.25,1.74,0.0,0,12.99,Cash
5021,3.4,28.58,0.29,0.0,2,30.87,Credit Card
318,1.49,7.0,0.68,0.0,0,7.68,Credit Card
1235,1.3,11.4,1.92,0.0,1,14.32,Credit Card
4913,2.71,25.63,4.38,0.0,2,32.01,Credit Card
2986,1.36,14.12,0.13,0.0,0,14.25,Mobile
3667,2.31,22.07,4.04,0.0,0,26.11,Credit Card
2448,1.19,11.67,0.82,0.0,0,12.49,Credit Card
1314,2.71,16.06,2.35,0.0,1,19.41,Credit Card
1267,1.96,9.98,1.77,0.0,1,12.75,Credit Card
2118,1.32,11.85,1.18,0.0,1,14.03,Credit Card
3659,3.94,26.05,2.04,0.0,0,28.09,Cash
2335,0.48,10.8,0.31,0.0,5,16.11,Credit Card
4596,1.4,22.07,1.17,0.0,1,24.24,Cash
2475,1.54,15.06,2.91,0.0,0,17.97,Credit Card
3758,1.55,20.06,2.87,0.0,5,27.93,Mobile
4502,4.21,29.46,4.1,0.0,0,33.56,Cash
1351,1.42,10.54,0.02,0.0,0,10.56,Credit Card
2094,3.74,15.75,3.11,0.0,2,20.86,Cash
4673,1.83,20.83,3.88,0.0,0,24.71,Credit Card
1948,1.25,11.61,1.86,0.0,0,13.47,Credit Card
3997,0.88,19.84,2.53,0.0,0,22.37,Credit Card
4961,2.0,23.81,2.83,0.0,0,26.64,Credit Card
2150,1.27,10.74,0.81,0.0,0,11.55,Credit Card
2326,2.21,15.02,2.6,0.0,0,17.62,Credit Card
3327,1.23,17.09,0.55,0.0,3,20.64,Credit Card
3272,6.07,27.47,2.28,0.0,1,30.75,Credit Card
3919,1.67,19.15,3.34,0.0,0,22.49,Cash
1062,1.92,10.69,1.02,0.0,0,11.71,Cash
3954,2.99,21.01,2.16,0.0,0,23.17,Cash
3362,1.02,16.36,1.19,0.0,1,18.55,Cash
2100,1.57,11.16,1.75,0.0,0,12.91,Credit Card
902,3.09,13.79,1.21,0.0,2,17.0,Cash
664,1.6,8.74,1.2,0.0,0,9.94,Credit Card
2288,1.31,15.38,0.32,0.0,1,16.7,Credit Card
3593,1.57,18.57,1.96,0.0,0,20.53,Credit Card
202,2.47,10.89,0.71,0.0,3,14.6,Credit Card
2991,3.24,19.38,2.05,0.0,3,24.43,Credit Card
4313,1.11,19.84,0.17,0.0,0,20.01,Cash
3149,3.68,22.5,4.32,0.0,0,26.82,Cash
4869,3.85,25.86,2.42,0.0,0,28.28,Credit Card
4483,1.99,20.14,0.84,0.0,0,20.98,Mobile
3972,8.5,38.46,6.33,0.0,0,44.79,Mobile
4685,3.38,26.25,0.31,0.0,0,26.56,Credit Card
3334,1.87,17.27,0.42,0.0,1,18.69,Cash
3297,2.98,23.66,4.42,0.0,0,28.08,Credit Card
3791,0.99,17.56,3.44,0.0,0,21.0,Cash
4032,0.79,18.01,0.18,0.0,2,20.19,Cash
3153,2.06,18.97,0.77,0.0,0,19.74,Cash
3712,1.31,17.36,0.89,0.0,0,18.25,Credit Card
1667,1.59,11.29,1.73,0.0,0,13.02,Credit Card
2754,2.1,14.71,1.24,0.0,2,17.95,Credit Card
4520,2.85,26.39,3.59,0.0,1,30.98,Credit Card
3187,1.05,17.14,1.2,0.0,0,18.34,Cash
5048,4.26,28.63,4.86,0.0,0,33.49,No Charge
2968,4.11,21.65,2.54,0.0,0,24.19,Cash
3759,2.44,18.62,3.08,0.0,0,21.7,Cash
2755,4.62,20.28,1.07,0.0,0,21.35,Cash
2568,1.79,18.54,3.34,0.0,0,21.88,Cash
2023,1.08,11.9,1.24,0.0,0,13.14,Credit Card
2276,2.71,18.03,1.53,0.0,2,21.56,Credit Card
3833,3.23,24.6,3.98,0.0,0,28.58,Credit Card
1228,2.42,13.17,1.04,0.0,0,14.21,Credit Card
495,1.81,11.66,1.67,0.0,0,13.33,Credit Card
4252,2.07,21.85,1.14,0.0,1,23.99,Cash
2507,2.12,16.71,2.34,0.0,0,19.05,Credit Card
5349,1.86,25.49,1.17,0.0,2,28.66,Cash
2970,2.52,18.73,1.87,0.0,1,21.6,Credit Card
1134,1.55,14.83,1.66,0.0,0,16.49,Credit Card
4546,3.34,26.07,0.2,0.0,0,26.27,Credit Card
3945,4.51,26.68,5.02,0.0,0,31.7,Credit Card
2244,4.42,20.26,4.04,0.0,0,24.3,Credit Card
2064,2.0,13.65,1.73,0.0,2,17.38,Cash
2485,4.09,20.53,3.91,0.0,0,24.44,Credit Card
2648,3.28,18.57,1.11,0.0,0,19.68,Credit Card
2738,2.25,16.86,2.65,0.0,1,20.51,Credit Card
1007,3.61,15.53,2.67,0.0,0,18.2,Credit Card
4771,0.87,19.28,0.64,0.0,0,19.92,Cash
3738,3.32,24.13,1.69,0.0,0,25.82,Cash
3791,1.18,19.2,3.24,0.0,0,22.44,Credit Card
2107,0.91,12.52,0.29,0.0,2,14.81,Credit Card
2699,2.19,17.84,3.52,0.0,0,21.36,Cash
5380,1.0,22.4,1.13,0.0,1,24.53,Credit Card
1507,2.55,13.46,2.47,0.0,0,15.93,Cash
4899,3.6,27.33,4.83,0.0,0,32.16,Cash
5295,2.06,28.2,4.81,0.0,0,33.01,Credit Card
1358,2.04,14.54,1.84,0.0,1,17.38,No Charge
2077,1.51,14.03,0.44,0.0,0,14.47,Credit Card
5183,2.98,27.55,4.97,0.0,0,32.52,Credit Card
1951,0.7,10.14,0.26,0.0,2,12.4,Cash
2169,0.89,12.36,0.69,1.5,3,17.55,Credit Card
1971,0.96,10.72,1.76,0.0,0,12.48,Credit Card
1325,4.27,18.57,1.9,0.0,0,20.47,Credit Card
933,1.2,7.05,0.86,0.0,1,8.91,Credit Card
4675,2.09,21.71,4.01,1.0,0,26.72,Credit Card
2753,1.65,15.88,3.13,0.0,0,19.01,Credit Card
5018,1.61,25.31,2.37,0.0,0,27.68,Credit Card
899,0.73,3.25,0.05,0.0,0,3.3,Cash
4991,2.89,27.14,2.65,1.0,0,30.79,Credit Card
1463,0.78,8.76,1.6,0.0,1,11.36,Credit Card
3676,1.35,16.83,1.55,0.0,2,20.38,Credit Card
4086,1.47,19.61,0.18,1.5,0,21.29,Credit Card
1417,3.63,13.75,0.62,0.0,2,16.37,Credit Card
821,1.94,9.32,0.36,0.0,0,9.68,Credit Card
436,3.61,12.43,1.77,0.0,0,14.2,Cash
321,1.12,5.97,0.94,0.0,0,6.91,Credit Card
3607,3.47,25.83,0.78,1.0,0,27.61,Credit Card
4849,1.73,25.44,4.32,0.0,5,34.76,Cash
3347,2.12,20.55,1.23,0.0,2,23.78,Cash
946,1.29,9.41,0.47,0.0,0,9.88,Cash
2162,2.74,14.26,2.49,0.0,0,16.75,Credit Card
624,5.56,16.97,3.11,0.0,2,22.08,Credit Card
4123,3.95,23.91,0.89,0.0,0,24.8,Cash
3142,3.66,24.25,0.54,0.0,2,26.79,Credit Card
4525,1.92,23.28,1.07,0.0,1,25.35,Credit Card
2705,3.14,20.3,2.28,0.0,1,23.58,Credit Card
3216,1.37,18.25,3.14,0.0,5,26.39,Cash
1497,2.11,14.71,0.06,0.0,0,14.77,Credit Card
119,1.33,9.46,0.88,0.0,0,10.34,Cash
460,1.97,9.46,1.16,0.0,0,10.62,Cash
2529,6.75,28.61,2.01,0.0,0,30.62,Cash
4335,2.06,21.14,2.25,0.0,0,23.39,Credit Card
1751,1.59,15.23,2.63,0.0,0,17.86,Credit Card
3466,0.83,19.11,0.06,0.0,2,21.17,Credit Card
3091,2.8,19.63,3.58,0.0,0,23.21,Credit Card
832,0.95,9.98,1.62,0.0,2,13.6,No Charge
2371,3.09,18.72,0.89,0.0,0,19.61,Credit Card
1605,1.99,13.8,1.43,0.0,1,16.23,Credit Card
3212,1.17,15.97,0.73,0.0,0,16.7,Cash
4486,1.08,19.67,3.78,0.0,0,23.45,Credit Card
4333,3.27,25.05,3.93,0.0,0,28.98,Credit Card
4899,3.1,29.78,0.99,0.0,1,31.77,Cash
3424,2.45,20.05,1.05,0.0,0,21.1,Cash
2916,5.03,25.33,0.25,0.0,0,25.58,Cash
1393,4.08,16.95,0.66,0.0,0,17.61,Credit Card
1065,1.54,10.03,1.7,0.0,0,11.73,Cash
4126,1.65,22.57,4.41,0.0,2,28.98,No Charge
134,2.89,9.9,1.47,0.0,0,11.37,Cash
1560,1.94,11.38,1.71,0.0,0,13.09,Cash
710,2.85,9.99,1.08,0.0,3,14.07,Credit Card
665,3.04,12.08,1.94,0.0,0,14.02,Credit Card
4618,1.39,22.73,1.09,0.0,0,23.82,Credit Card
903,2.83,11.86,0.66,0.0,0,12.52,Credit Card
4008,1.61,18.8,1.95,0.0,0,20.75,Cash
753,5.47,17.31,3.21,0.0,1,21.52,Credit Card
1425,1.99,13.4,1.23,0.0,3,17.63,Cash
4939,0.94,21.1,0.51,0.0,1,22.61,Cash
2711,3.41,18.39,1.2,0.0,0,19.59,Cash
4428,1.34,19.47,0.42,0.0,0,19.89,Credit Card
816,4.2,14.34,2.63,0.0,1,17.97,Credit Card
453,4.74,15.74,1.17,0.0,3,19.91,Cash
652,0.97,6.6,0.22,0.0,0,6.82,Cash
3066,1.48,18.4,1.96,0.0,0,20.36,Cash
181,7.6,20.72,1.16,0.0,0,21.88,Credit Card
5224,2.39,29.68,3.9,0.0,0,33.58,Credit Card
2767,2.06,16.98,1.09,0.0,0,18.07,Cash
3967,2.3,22.0,3.38,0.0,2,27.38,Credit Card
3863,2.05,21.24,3.89,0.0,0,25.13,Credit Card
4729,2.75,26.08,0.31,0.0,0,26.39,Cash
387,1.79,6.31,0.7,1.5,0,8.51,Credit Card
1045,1.94,11.57,0.54,0.0,0,12.11,Credit Card
2226,4.44,22.16,4.0,0.0,0,26.16,Credit Card
4627,1.25,21.66,3.83,0.0,2,27.49,Credit Card
3132,1.64,17.65,2.23,0.0,0,19.88,Credit Card
2707,1.36,15.03,0.23,0.0,0,15.26,Cash
2343,4.28,20.2,0.2,0.0,0,20.4,Credit Card
136,1.63,6.87,1.31,0.0,3,11.18,Cash
269,1.38,8.46,0.11,0.0,0,8.57,Credit Card
3567,0.93,17.68,2.23,0.0,0,19.91,Credit Card
1977,2.21,14.99,2.34,0.0,1,18.33,Cash
3005,3.76,22.48,4.02,0.0,0,26.5,Credit Card
3304,1.15,16.91,2.17,0.0,2,21.08,No Charge
1022,2.01,11.45,1.18,0.0,0,12.63,Mobile
1181,1.43,8.36,0.8,0.0,0,9.16,Cash
1214,0.85,11.61,1.4,0.0,0,13.01,Credit Card
3464,2.93,20.39,3.18,1.0,0,24.57,Credit Card
3491,3.47,21.21,2.88,0.0,0,24.09,Cash
2559,2.95,17.21,0.07,0.0,0,17.28,Credit Card
1907,1.42,11.85,1.78,0.0,2,15.63,Credit Card
3626,1.63,17.65,1.91,0.0,0,19.56,Cash
1502,4.56,19.17,1.45,0.0,2,22.62,Credit Card
2815,2.08,18.11,0.67,0.0,0,18.78,Cash
4904,1.62,21.03,1.47,0.0,2,24.5,Credit Card
152,1.0,5.15,0.58,0.0,0,5.73,Credit Card
4236,0.63,20.45,2.4,0.0,1,23.85,Credit Card
5351,2.07,29.3,0.34,0.0,2,31.64,Credit Card
4634,2.85,24.9,2.78,0.0,0,27.68,Credit Card
3604,0.89,16.81,2.54,0.0,0,19.35,Credit Card
4092,3.9,26.08,2.77,0.0,0,28.85,Credit Card
202,2.31,7.74,0.9,0.0,1,9.64,Cash
1309,3.47,16.83,2.88,0.0,1,20.71,Credit Card
1819,4.42,20.2,2.83,0.0,0,23.03,Credit Card
644,3.18,13.58,0.8,0.0,0,14.38,Credit Card
1148,8.18,26.42,2.39,0.0,1,29.81,Credit Card
3199,1.92,18.67,1.48,0.0,0,20.15,Credit Card
2865,1.78,15.93,0.93,1.5,0,18.36,Mobile
2289,1.4,13.24,2.64,0.0,1,16.88,Cash
2846,4.81,23.86,2.21,0.0,0,26.07,Cash
5065,3.04,27.29,0.28,0.0,0,27.57,No Charge
1991,1.31,10.85,1.55,0.0,0,12.4,Cash
1408,3.14,13.8,0.65,0.0,0,14.45,No Charge
3805,2.59,20.81,2.95,0.0,0,23.76,Credit Card
360,0.76,7.71,1.34,0.0,0,9.05,Credit Card
4655,4.75,29.39,2.91,0.0,0,32.3,No Charge
3047,1.51,15.06,2.94,5.0,1,24.0,Mobile
1573,1.0,11.43,1.76,0.0,1,14.19,Cash
1153,3.1,14.66,2.82,0.0,2,19.48,Credit Card
581,3.23,12.08,1.31,0.0,2,15.39,Cash
1038,3.2,13.6,1.83,0.0,0,15.43,Cash
5387,3.82,28.39,1.15,0.0,0,29.54,Credit Card
545,3.56,11.31,0.19,0.0,0,11.5,Credit Card
4542,3.21,25.58,4.07,0.0,0,29.65,Cash
1863,1.44,11.83,1.09,1.5,0,14.42,Cash
1603,1.44,12.45,2.09,5.0,0,19.54,Credit Card
3353,4.64,26.36,3.34,0.0,0,29.7,Credit Card
3271,1.44,19.69,3.91,0.0,0,23.6,Credit Card
3708,1.33,18.59,0.44,0.0,3,22.03,Credit Card
475,1.42,7.99,1.58,0.0,0,9.57,Cash
1575,1.81,11.88,0.74,1.0,1,14.62,Credit Card
5180,4.04,32.15,0.66,0.0,2,34.81,Credit Card
4738,2.68,26.99,2.73,0.0,0,29.72,Credit Card
1636,1.44,12.36,1.68,0.0,1,15.04,Cash
5036,4.07,30.59,0.43,0.0,0,31.02,Credit Card
1520,1.68,11.38,0.73,0.0,0,12.11,Credit Card
1145,1.37,7.79,1.33,0.0,0,9.12,Credit Card
1208,3.25,13.88,1.52,0.0,1,16.4,Credit Card
654,3.49,13.38,0.02,0.0,0,13.4,Credit Card
1302,4.03,17.52,3.29,0.0,0,20.81,Cash
954,1.45,10.69,0.42,0.0,1,12.11,Credit Card
4863,1.81,25.03,2.95,0.0,1,28.98,Credit Card
4430,0.85,20.2,1.97,0.0,0,22.17,Credit Card
1458,0.67,9.32,0.19,0.0,5,14.51,Cash
1413,1.09,11.49,2.29,0.0,0,13.78,Credit Card
2355,1.4,18.51,0.38,1.5,0,20.39,Cash
4260,2.3,23.23,1.33,0.0,1,25.56,Cash
2779,1.56,18.55,0.57,0.5,0,19.62,Credit Card
1118,0.67,8.61,0.83,0.0,0,9.44,Credit Card
4207,2.72,24.31,3.47,0.0,0,27.78,Cash
498,1.9,8.81,1.29,0.0,0,10.1,Credit Card
5222,2.92,28.79,2.63,3.0,0,34.42,No Charge
2208,3.0,17.91,1.77,0.0,0,19.68,Credit Card
4883,0.62,19.73,3.31,0.0,1,24.04,Credit Card
3572,3.42,24.92,2.67,0.0,3,30.59,Cash
2845,1.14,14.78,0.29,0.0,1,16.07,Credit Card
277,2.12,6.12,0.08,0.0,0,6.2,Cash
3808,2.95,22.9,2.85,0.0,0,25.75,Cash
416,3.5,12.09,0.59,0.0,0,12.68,Credit Card
1387,3.02,16.32,3.26,0.0,0,19.58,Cash
2523,2.22,17.17,2.36,0.0,0,19.53,Credit Card
2988,2.51,16.98,0.64,0.0,1,18.62,Credit Card
4642,5.17,31.26,3.87,0.0,0,35.13,Mobile
1073,2.82,13.15,0.89,0.0,1,15.04,Cash
3277,1.2,14.54,0.01,0.0,0,14.55,Credit Card
680,1.22,7.15,0.85,0.0,0,8.0,Cash
2331,3.73,20.56,1.58,0.0,0,22.14,Cash
471,1.73,6.61,0.09,0.0,0,6.7,Credit Card
4828,4.05,26.42,2.96,0.0,0,29.38,Credit Card
4321,2.67,28.55,1.97,0.0,0,30.52,Credit Card
785,1.48,10.77,1.6,0.0,0,12.37,Cash
1701,0.96,9.27,0.94,0.0,2,12.21,Credit Card
2518,1.93,15.29,1.75,0.0,0,17.04,Cash
5045,2.03,24.47,2.77,0.0,0,27.24,Credit Card
600,2.13,7.36,0.04,0.0,0,7.4,Cash
3848,1.01,18.79,0.69,0.0,0,19.48,Mobile
2963,1.68,14.73,0.56,0.0,0,15.29,Cash
3281,2.42,19.92,1.03,0.0,0,20.95,Credit Card
1870,1.18,12.15,1.57,0.0,0,13.72,Credit Card
1889,1.61,10.43,0.72,0.0,1,12.15,Credit Card
5375,3.39,27.17,2.1,0.0,0,29.27,Credit Card
2141,1.57,16.07,2.36,0.0,0,18.43,Credit Card
1051,3.66,10.95,0.25,0.0,0,11.2,Credit Card
4406,1.85,23.33,2.85,0.0,0,26.18,Credit Card
762,2.47,11.7,1.17,0.0,0,12.87,Credit Card
2989,4.82,22.72,4.25,0.0,1,27.97,Credit Card
4043,3.66,23.69,2.27,0.0,1,26.96,Cash
3685,4.53,25.25,2.78,0.0,0,28.03,Credit Card
2786,1.17,14.35,1.09,0.0,0,15.44,Cash
2878,2.29,19.32,1.01,0.0,1,21.33,Credit Card
1246,3.24,13.91,1.92,0.0,2,17.83,Credit Card
4986,3.09,29.62,2.91,0.0,0,32.53,Credit Card
2527,2.11,16.33,0.55,0.0,0,16.88,Credit Card
2541,4.47,23.51,2.0,0.0,0,25.51,Cash
1213,1.99,10.92,0.88,0.0,0,11.8,Cash
4210,2.52,23.69,2.64,0.0,2,28.33,Credit Card
2265,2.6,18.14,2.01,0.0,1,21.15,Credit Card
3605,2.08,19.68,0.04,0.0,0,19.72,Credit Card
4280,2.03,21.79,4.07,0.0,0,25.86,Credit Card
4101,4.5,26.45,3.48,0.0,2,31.93,Credit Card
64,3.4,11.91,1.3,0.5,0,13.71,Credit Card
2129,6.47,23.71,2.08,0.0,0,25.79,Credit Card
637,2.07,9.49,0.12,5.0,0,14.61,Cash
1871,1.28,12.94,0.92,0.0,1,14.86,Credit Card
3736,1.62,18.75,1.17,0.0,3,22.92,Credit Card
2246,1.47,16.4,2.8,0.0,0,19.2,Credit Card
3896,3.54,24.45,3.3,0.0,2,29.75,No Charge
326,1.11,6.18,0.44,0.0,0,6.62,Credit Card
5044,1.13,22.89,0.95,0.0,1,24.84,Credit Card
418,1.87,9.33,0.09,0.0,0,9.42,Credit Card
3253,0.43,14.98,0.39,0.0,0,15.37,Cash
4715,1.69,21.74,3.64,0.0,1,26.38,Credit Card
2175,1.78,13.12,2.3,0.0,3,18.42,Credit Card
3875,0.43,16.23,2.01,0.0,2,20.24,Cash
4750,4.91,32.76,5.32,0.0,0,38.08,No Charge
4713,1.31,22.6,2.38,0.0,2,26.98,Credit Card
288,3.2,10.65,0.64,0.0,0,11.29,Cash
2574,8.13,30.66,2.91,0.0,0,33.57,Cash
4124,1.86,21.04,0.34,0.0,0,21.38,Cash
1867,1.09,11.2,1.78,0.0,2,14.98,Credit Card
641,3.05,10.62,1.96,0.0,0,12.58,Cash
1092,2.24,11.64,0.96,0.0,0,12.6,Cash
2381,2.43,16.24,2.98,0.0,0,19.22,Credit Card
108,1.52,4.13,0.15,0.0,0,4.28,Credit Card
2984,1.06,17.91,1.6,0.0,2,21.51,Cash
123,2.56,5.88,0.82,0.0,0,6.7,Credit Card
1434,1.57,11.96,0.07,0.0,1,13.03,Cash
4466,2.63,22.99,3.77,0.0,1,27.76,Credit Card
4400,1.47,21.3,2.57,0.0,0,23.87,Cash
244,0.8,6.57,0.67,0.0,0,7.24,Credit Card
202,0.99,5.97,1.06,0.0,0,7.03,No Charge
727,2.84,9.77,0.61,0.0,0,10.38,Credit Card
4642,3.43,25.5,4.07,0.0,0,29.57,Cash
5224,1.92,23.45,4.25,0.0,0,27.7,Credit Card
4503,1.4,22.18,3.42,0.0,2,27.6,Mobile
568,1.97,9.18,0.67,0.0,0,9.85,Mobile
1185,1.09,9.96,1.0,0.0,1,11.96,Cash
663,1.23,8.73,0.94,0.0,1,10.67,Credit Card
1770,2.04,14.32,0.91,0.0,0,15.23,Credit Card
4684,3.78,27.92,1.93,0.0,0,29.85,Cash
3961,2.33,22.43,2.39,0.0,0,24.82,Cash
4634,3.19,24.28,0.43,0.0,0,24.71,Credit Card
2838,1.8,15.83,1.65,0.0,0,17.48,Credit Card
3446,3.09,21.55,0.45,0.0,0,22.0,Cash
149,1.63,8.22,1.23,0.0,1,10.45,Cash
2846,5.49,23.95,0.19,0.0,0,24.14,Credit Card
1662,2.46,13.67,1.05,0.0,0,14.72,Credit Card
186,2.11,6.52,0.11,0.0,3,9.63,Credit Card
3799,11.12,39.8,0.66,0.0,0,40.46,Mobile
298,7.87,21.71,3.09,0.0,1,25.8,Credit Card
2830,1.09,14.69,0.13,1.0,0,15.82,Credit Card
687,3.89,11.08,2.07,0.0,2,15.15,Credit Card
2940,7.37,28.54,4.48,0.0,0,33.02,Credit Card
4547,2.55,22.57,3.4,0.0,0,25.97,Credit Card
3729,0.9,14.9,1.49,0.0,3,19.39,Credit Card
3027,1.5,18.0,0.94,0.0,0,18.94,Cash
4320,1.06,20.88,1.73,0.0,0,22.61,Credit Card
4097,3.17,24.56,1.57,0.0,2,28.13,Cash
1410,3.29,15.98,2.57,0.0,1,19.55,Cash
3387,1.13,16.53,0.97,0.0,1,18.5,No Charge
1588,3.15,15.49,3.06,0.0,0,18.55,Cash
1271,1.14,9.84,0.74,0.0,0,10.58,Cash
5029,2.59,27.25,4.89,5.0,0,37.14,Cash
3277,1.43,20.33,0.04,3.0,3,26.37,Credit Card
1664,3.98,18.17,0.79,0.0,0,18.96,Cash
486,1.92,7.79,0.34,0.0,0,8.13,Credit Card
297,3.27,11.67,1.29,0.0,1,13.96,Cash
1531,0.91,11.96,1.37,0.0,0,13.33,Credit Card
3571,3.97,20.24,1.93,0.0,0,22.17,Cash
3992,1.05,21.48,3.98,0.0,2,27.46,Cash
2613,2.47,16.91,1.0,0.0,0,17.91,Credit Card
1751,4.54,19.6,0.9,0.0,0,20.5,Mobile
3472,1.82,19.18,0.37,0.0,0,19.55,Cash
2135,4.19,22.38,2.69,0.0,0,25.07,Credit Card
4181,2.18,22.78,3.48,0.0,0,26.26,Cash
1738,3.9,17.19,1.97,0.0,0,19.16,Credit Card
616,5.11,16.68,0.16,0.0,0,16.84,Credit Card
3825,2.97,21.74,1.0,0.0,0,22.74,Credit Card
1255,4.13,15.71,0.33,0.0,1,17.04,Cash
5379,7.83,38.65,1.32,0.0,0,39.97,Mobile
3179,4.6,21.62,0.53,0.0,0,22.15,Credit Card
4403,1.13,19.45,0.34,0.0,0,19.79,Credit Card
3035,2.62,19.81,0.39,0.0,0,20.2,Cash
220,2.45,9.95,1.14,0.0,0,11.09,Credit Card
5226,1.22,22.0,2.59,0.0,0,24.59,Credit Card
1897,1.7,12.38,2.11,0.0,0,14.49,Credit Card
513,0.6,5.51,0.4,0.0,0,5.91,Credit Card
3702,0.74,16.63,2.69,0.0,1,20.32,Cash
3083,3.03,21.3,0.79,0.0,0,22.09,Cash
2610,1.73,15.95,0.72,0.0,0,16.67,Credit Card
1201,1.78,10.46,1.55,0.0,0,12.01,Credit Card
641,1.76,7.14,1.15,0.0,0,8.29,Cash
1367,1.51,12.62,0.89,0.0,1,14.51,Credit Card
5022,1.27,23.11,4.26,0.0,0,27.37,Credit Card
3087,3.0,20.04,0.83,0.0,0,20.87,Mobile
683,1.82,7.15,1.22,1.0,0,9.37,Credit Card
297,4.42,14.62,1.34,0.0,0,15.96,Mobile
3323,1.06,16.51,3.04,0.0,0,19.55,Cash
3336,2.89,22.06,0.73,0.0,0,22.79,Cash
5106,3.25,27.8,1.05,0.0,2,30.85,Credit Card
4065,1.71,20.13,3.39,0.0,3,26.52,Mobile
1215,1.24,9.16,0.13,0.0,0,9.29,Credit Card
1142,3.95,17.54,0.51,0.0,0,18.05,No Charge
797,3.54,10.19,0.11,0.0,0,10.3,Cash
2304,3.56,15.51,0.47,0.0,0,15.98,Credit Card
1298,3.29,17.55,0.63,0.0,0,18.18,Cash
3538,2.6,22.27,3.86,0.0,0,26.13,Credit Card
4296,1.78,22.25,3.43,0.0,1,26.68,Credit Card
158,4.78,12.96,1.87,1.0,2,17.83,Cash
4250,6.53,34.26,4.28,0.0,0,38.54,Credit Card
4911,3.95,33.53,6.12,0.0,1,40.65,Credit Card
5198,5.84,33.71,0.53,0.0,0,34.24,Credit Card
4614,0.76,20.44,0.53,0.0,0,20.97,Cash
5282,2.06,25.51,1.53,0.0,2,29.04,Credit Card
3019,1.58,16.25,0.6,0.0,3,19.85,Credit Card
1430,1.06,11.22,1.75,0.0,0,12.97,Credit Card
5388,0.59,19.9,3.96,0.0,1,24.86,Credit Card
1410,3.33,15.0,2.24,0.0,2,19.24,Credit Card
5040,3.58,28.16,0.55,0.0,0,28.71,Credit Card
4645,1.27,19.29,3.45,0.0,2,24.74,Credit Card
110,1.55,6.35,0.36,0.0,0,6.71,Credit Card
1383,1.28,10.44,0.84,0.0,0,11.28,Credit Card
1148,1.14,8.12,0.43,0.0,0,8.55,Cash
4468,1.82,18.41,1.25,0.0,0,19.66,Cash
3084,7.07,26.55,1.62,0.0,0,28.17,Cash
3122,1.71,20.66,0.38,0.0,0,21.04,Credit Card
1232,2.3,11.69,0.41,0.0,1,13.1,Credit Card
2831,2.44,23.47,4.4,0.0,0,27.87,Credit Card
4057,1.72,18.62,0.22,0.0,0,18.84,Cash
4624,2.87,23.46,0.58,1.0,0,25.04,Credit Card
3316,2.04,16.22,1.59,0.0,0,17.81,Credit Card
3091,2.84,18.65,2.31,0.0,1,21.96,Cash
4561,1.76,19.14,1.83,0.0,0,20.97,Credit Card
4182,1.04,20.08,0.56,0.0,2,22.64,Credit Card
2113,2.1,15.08,1.26,0.0,0,16.34,Cash
4574,2.81,26.38,2.61,0.0,0,28.99,Cash
915,1.07,9.07,0.47,0.0,0,9.54,Credit Card
1415,0.83,9.09,1.57,0.0,0,10.66,Credit Card
2320,2.33,15.8,1.52,0.0,0,17.32,Credit Card
5009,1.8,25.93,0.24,0.0,3,29.17,Cash
4263,1.77,18.2,2.11,0.0,0,20.31,Cash
2208,1.67,14.7,1.22,0.0,2,17.92,Credit Card
4847,1.19,23.12,4.47,0.0,0,27.59,Mobile
2222,5.31,22.41,3.37,0.0,0,25.78,Cash
1131,0.51,10.13,1.62,0.0,1,12.75,Cash
4847,1.97,24.39,4.32,0.0,0,28.71,Credit Card
4902,1.8,23.78,3.05,0.0,0,26.83,Credit Card
2216,2.87,13.45,0.3,0.0,1,14.75,Credit Card
103,2.51,9.66,1.39,0.0,1,12.05,Credit Card
1375,2.4,15.16,0.08,1.0,2,18.24,Credit Card
4186,1.03,19.16,3.01,0.0,0,22.17,Credit Card
3602,0.99,16.82,1.93,0.0,0,18.75,Cash
4515,2.71,26.91,2.02,0.0,0,28.93,Mobile
4316,1.61,19.49,0.98,0.0,0,20.47,Cash
2075,1.8,12.5,2.22,0.0,0,14.72,Cash
710,3.72,13.85,1.27,0.0,0,15.12,Credit Card
5200,2.67,25.88,4.77,0.0,1,31.65,Cash
191,0.74,7.0,0.46,0.0,0,7.46,Cash
4545,3.87,28.72,1.44,0.0,3,33.16,Cash
1897,1.47,14.52,1.38,0.0,0,15.9,Credit Card
2094,1.63,13.59,2.66,0.0,1,17.25,Credit Card
3342,1.77,19.12,1.98,0.0,0,21.1,Credit Card
674,7.4,22.46,3.84,0.0,1,27.3,Credit Card
1375,3.44,13.09,1.53,1.0,0,15.62,Credit Card
3267,6.23,28.06,4.91,0.0,0,32.97,Credit Card
680,2.5,8.7,0.5,0.0,1,10.2,Cash
3826,2.01,20.88,3.29,0.0,0,24.17,Credit Card
376,3.82,12.15,0.32,0.0,0,12.47,Credit Card
4359,2.37,21.52,0.21,0.0,2,23.73,Cash
5059,1.85,23.78,2.69,0.0,0,26.47,Cash
3659,1.23,17.93,1.98,0.0,3,22.91,Credit Card
1025,3.59,12.24,2.27,0.0,0,14.51,Credit Card
260,4.22,13.3,0.37,0.0,0,13.67,Credit Card
893,1.79,8.65,0.02,0.0,1,9.67,Cash
2581,0.3,14.78,2.47,0.0,0,17.25,Credit Card
1812,2.81,17.13,1.3,0.0,1,19.43,Credit Card
3296,1.06,16.76,2.29,0.0,0,19.05,Cash
3397,1.25,15.77,0.4,0.0,1,17.17,Credit Card
729,1.39,10.93,1.15,0.0,0,12.08,Credit Card
5186,2.48,24.13,4.36,0.0,1,29.49,Credit Card
2605,4.12,21.26,3.58,0.0,2,26.84,Cash
5295,1.07,23.0,3.44,0.0,0,26.44,Credit Card
3109,8.01,30.5,0.07,0.0,0,30.57,Cash
4004,3.51,23.91,1.49,0.0,1,26.4,Credit Card
2740,2.96,23.25,2.53,3.0,0,28.78,Credit Card
3470,1.27,17.42,1.88,0.0,0,19.3,Cash
584,3.15,14.34,2.52,0.0,3,19.86,Credit Card
2310,2.01,13.83,2.14,0.0,0,15.97,Cash
817,8.17,22.47,1.3,0.0,0,23.77,No Charge
3483,5.79,25.12,4.04,0.0,0,29.16,Cash
2255,2.4,17.2,0.91,0.0,0,18.11,Credit Card
889,3.15,12.8,2.04,0.0,0,14.84,Credit Card
4354,0.82,20.23,2.08,0.0,0,22.31,Credit Card
797,3.83,15.09,1.77,0.0,0,16.86,Credit Card
2256,1.99,14.69,1.18,0.0,0,15.87,Credit Card
2418,1.58,14.72,2.16,0.0,0,16.88,Credit Card
2794,2.36,18.19,3.38,0.0,0,21.57,Credit Card
1177,3.17,13.0,1.11,0.0,0,14.11,Credit Card
4932,3.44,27.96,2.72,0.0,2,32.68,Credit Card
803,0.99,7.91,0.79,0.0,0,8.7,No Charge
4266,0.84,17.34,1.68,0.0,2,21.02,Credit Card
3373,1.7,17.28,3.32,0.0,1,21.6,Credit Card
3150,2.27,19.91,2.39,0.0,0,22.3,Cash
1625,0.77,9.69,1.81,0.0,1,12.5,Mobile
2119,2.62,15.84,2.63,0.0,0,18.47,Credit Card
2607,2.51,16.57,1.33,0.0,1,18.9,Cash
3514,0.86,14.99,1.03,0.0,0,16.02,Credit Card
2699,3.54,22.76,2.95,0.0,1,26.71,Credit Card
834,1.03,6.12,1.11,0.0,1,8.23,Credit Card
1027,0.57,9.98,0.45,0.0,2,12.43,No Charge
4388,0.86,19.72,1.82,0.0,0,21.54,Credit Card
62,0.89,3.65,0.5,0.0,0,4.15,Mobile
2629,2.14,16.93,2.66,0.0,0,19.59,Credit Card
1237,5.0,18.39,2.13,0.0,0,20.52,Credit Card
166,3.12,11.49,0.41,0.0,0,11.9,Credit Card
2545,4.3,22.2,2.64,0.0,1,25.84,Credit Card
2666,3.21,19.98,3.41,0.0,0,23.39,Credit Card
2124,0.99,10.99,1.88,1.0,0,13.87,Credit Card
4929,1.27,20.28,1.25,0.0,0,21.53,Credit Card
3589,2.0,17.3,1.64,0.0,0,18.94,Credit Card
2448,2.36,17.54,0.32,0.0,0,17.86,Credit Card
3868,1.33,20.35,3.08,0.0,0,23.43,Cash
669,1.03,7.21,1.39,0.0,0,8.6,Credit Card
4919,0.68,20.05,0.95,0.0,0,21.0,Cash
2864,2.25,19.92,0.8,0.0,0,20.72,Cash
1438,2.64,12.41,1.4,0.0,0,13.81,Credit Card
1804,5.43,17.09,0.33,0.0,2,19.42,Credit Card
4581,1.23,21.64,0.16,0.0,0,21.8,Credit Card
1192,1.7,11.22,0.09,0.0,0,11.31,Mobile
2411,1.06,13.89,2.75,0.0,0,16.64,Cash
5005,1.62,20.92,1.57,0.0,0,22.49,Credit Card
1028,3.1,14.32,1.43,0.0,1,16.75,Credit Card
3229,2.25,19.43,0.32,0.0,1,20.75,Credit Card
3075,2.5,18.37,1.56,0.0,0,19.93,Credit Card
3317,2.01,18.63,0.65,0.0,0,19.28,Credit Card
3271,1.42,18.59,2.96,3.0,3,27.55,Cash
1139,3.04,15.73,0.4,0.0,0,16.13,Credit Card
629,1.11,9.73,0.36,0.0,0,10.09,Cash
889,3.03,14.45,0.38,0.0,0,14.83,Credit Card
1860,1.46,11.24,0.17,0.0,0,11.41,Credit Card
4037,2.09,22.76,3.17,0.0,0,25.93,Cash
2254,1.03,12.01,2.38,1.5,3,18.89,Credit Card
2995,0.73,14.87,2.47,0.0,2,19.34,No Charge
1663,2.87,14.6,1.91,0.5,1,18.01,Credit Card
1572,6.15,22.74,2.86,0.0,0,25.6,Credit Card
3773,7.05,29.81,2.62,0.0,1,33.43,Credit Card
3011,8.27,30.16,1.13,0.0,0,31.29,Cash
796,2.6,10.21,0.95,0.0,1,12.16,Credit Card
483,2.66,11.58,1.12,0.0,0,12.7,Cash
2568,1.06,16.75,2.94,0.0,0,19.69,Cash
950,2.61,10.77,0.67,0.0,2,13.44,Credit Card
103,2.51,6.39,0.52,3.0,0,9.91,Cash
3386,1.32,19.34,0.59,0.0,0,19.93,Credit Card
1625,5.88,23.06,4.55,0.0,0,27.61,Cash
2191,2.43,16.05,2.27,0.0,2,20.32,Credit Card
5252,1.55,24.79,4.62,0.5,1,30.91,Cash
2732,0.74,14.01,2.34,0.0,0,16.35,Credit Card
546,9.1,25.75,2.7,0.0,0,28.45,Credit Card
2467,2.9,16.83,2.51,1.5,0,20.84,No Charge
4163,2.62,22.74,1.33,0.0,0,24.07,Credit Card
4873,1.37,20.74,3.12,0.0,0,23.86,Cash
2576,2.38,16.35,1.73,0.0,0,18.08,Credit Card
4602,2.2,25.79,3.86,0.0,0,29.65,Cash
1344,2.21,13.29,0.1,0.0,2,15.39,Credit Card
5276,0.87,24.35,4.5,0.0,0,28.85,Credit Card
3476,1.71,18.75,2.64,0.0,0,21.39,Cash
3838,2.27,23.65,3.44,5.0,0,32.09,Cash
4181,1.91,23.8,4.35,0.0,0,28.15,Credit Card
4427,1.2,20.45,3.41,0.0,5,28.86,No Charge
815,0.79,7.59,1.42,0.0,3,12.01,Credit Card
5165,4.03,29.66,2.96,0.0,0,32.62,Cash
4620,4.45,29.4,0.32,0.0,0,29.72,Credit Card
1485,2.71,16.08,1.03,0.0,0,17.11,Credit Card
1381,1.93,14.59,1.61,0.0,1,17.2,Cash
660,1.51,8.43,1.42,0.0,3,12.85,Credit Card
4198,1.04,20.97,4.07,0.0,0,25.04,Credit Card
2145,1.23,10.88,0.93,0.0,0,11.81,Credit Card
297,2.3,8.08,0.29,0.0,2,10.37,Credit Card
2718,2.13,16.49,1.64,0.0,3,21.13,Credit Card
1519,1.72,10.35,2.07,0.0,0,12.42,Cash
5162,1.26,21.68,4.07,0.0,0,25.75,Credit Card
3019,1.04,17.36,3.15,0.0,0,20.51,Cash
797,2.16,12.28,2.08,0.0,0,14.36,Mobile
4672,1.03,20.92,0.83,5.0,0,26.75,Cash
3110,4.06,23.36,2.33,0.0,0,25.69,Credit Card
4194,2.79,24.01,2.16,0.0,0,26.17,Credit Card
503,6.91,19.46,2.2,0.0,0,21.66,Mobile
2285,2.61,17.98,2.95,0.5,1,22.43,Credit Card
3871,2.97,21.23,1.74,1.0,0,23.97,Credit Card
3932,2.36,22.19,0.86,0.0,3,26.05,Mobile
2238,2.32,17.8,0.74,0.0,1,19.54,Credit Card
2939,3.02,16.94,1.76,0.0,5,23.7,Credit Card
1415,1.85,10.96,1.19,0.0,0,12.15,Credit Card
640,6.26,19.75,2.45,1.0,3,26.2,Credit Card
4614,2.79,25.49,4.12,0.0,0,29.61,Credit Card
500,2.38,8.87,0.39,0.0,1,10.26,Cash
5034,0.52,21.79,2.48,0.0,0,24.27,Mobile
1695,0.86,10.34,0.23,0.0,2,12.57,Credit Card
5216,1.93,23.99,4.68,0.0,0,28.67,Cash
2106,2.09,16.36,1.75,0.0,0,18.11,Credit Card
4786,1.49,20.43,3.97,0.0,0,24.4,Cash
4656,3.42,28.18,1.68,0.0,3,32.86,Cash
734,1.69,9.73,1.9,0.0,0,11.63,Credit Card
3691,1.98,22.04,3.73,0.0,0,25.77,Cash
1163,1.0,9.35,1.14,0.0,3,13.49,Credit Card
3936,1.12,18.73,3.64,0.0,3,25.37,Credit Card
5136,1.66,26.12,0.95,0.0,1,28.07,Cash
5322,1.01,21.74,2.67,0.0,0,24.41,Cash
340,5.06,14.19,1.29,0.0,0,15.48,Credit Card
282,1.08,5.19,0.27,0.0,3,8.46,Credit Card
2467,1.55,14.28,2.33,0.0,0,16.61,Credit Card
342,2.65,8.96,1.25,0.0,0,10.21,Cash
4621,1.85,23.54,3.67,0.0,0,27.21,Credit Card
261,2.77,10.31,2.02,0.0,0,12.33,Mobile
5156,1.82,23.14,0.02,0.0,2,25.16,Credit Card
3990,1.85,18.74,1.08,1.5,1,22.32,Credit Card
3041,1.01,14.62,0.77,0.0,0,15.39,Cash
5180,3.41,26.16,1.27,0.0,0,27.43,Credit Card
2410,3.72,20.17,0.18,0.0,1,21.35,Credit Card
132,1.84,9.48,0.85,0.0,0,10.33,Credit Card
3970,4.31,25.41,1.65,0.0,0,27.06,Cash
2146,2.38,16.23,1.17,0.0,1,18.4,Credit Card
1983,2.81,17.91,2.06,0.0,0,19.97,Credit Card
4967,1.11,20.86,0.84,0.0,3,24.7,Cash
2838,0.55,15.75,1.89,0.0,1,18.64,Cash
1309,3.19,14.8,1.75,0.0,0,16.55,Credit Card
909,9.64,27.48,2.18,0.0,0,29.66,Credit Card
2631,1.41,14.81,0.63,0.0,0,15.44,Mobile
2789,2.1,18.64,0.52,0.0,0,19.16,Credit Card
2497,3.02,21.19,3.15,0.0,0,24.34,Credit Card
718,4.34,17.25,1.83,0.0,2,21.08,Credit Card
3660,2.15,20.24,0.44,0.0,0,20.68,Cash
3318,3.09,21.17,3.67,0.0,0,24.84,Cash
4208,1.38,22.71,3.69,0.0,0,26.4,Credit Card
2061,1.68,13.27,0.96,0.0,0,14.23,Credit Card
4462,3.81,25.5,2.38,0.0,0,27.88,Credit Card
4167,2.36,23.9,2.71,0.0,0,26.61,Cash
3858,0.54,17.37,3.31,0.0,0,20.68,Credit Card
3889,2.01,23.63,0.97,0.0,1,25.6,Credit Card
848,6.13,20.06,2.42,0.0,1,23.48,Credit Card
5211,1.92,24.63,1.74,0.0,0,26.37,Cash
121,2.55,9.95,1.16,0.0,0,11.11,Credit Card
2122,0.56,15.52,0.65,0.0,0,16.17,Cash
5348,1.63,25.11,3.54,0.0,0,28.65,Cash
1836,2.16,12.91,2.4,0.0,0,15.31,Credit Card
4466,2.18,22.43,0.59,0.0,0,23.02,Cash
2619,1.52,15.08,1.71,0.0,2,18.79,Credit Card
4060,1.64,19.13,1.76,0.0,0,20.89,Cash
4310,0.81,18.14,0.49,0.0,0,18.63,Cash
4418,1.09,17.86,1.16,0.0,0,19.02,Credit Card
1941,1.59,11.01,0.84,0.0,0,11.85,Credit Card
2518,2.72,17.16,3.31,0.0,0,20.47,Credit Card
3692,1.99,17.63,2.85,0.0,0,20.48,Credit Card
1646,3.07,11.92,0.7,0.0,0,12.62,Credit Card
3081,4.0,21.19,0.0,0.0,0,21.19,Credit Card
4623,1.49,18.9,2.82,0.0,0,21.72,Cash
3063,1.48,17.01,2.02,0.0,0,19.03,Credit Card
2934,4.95,22.96,2.04,0.0,1,26.0,Credit Card
585,1.11,8.48,0.57,0.0,0,9.05,Cash
5195,0.93,23.83,0.16,0.0,0,23.99,Credit Card
100,1.28,5.62,0.97,0.5,0,7.09,Credit Card
1138,0.82,9.36,1.76,0.0,2,13.12,No Charge
905,0.89,7.09,0.9,0.0,0,7.99,Credit Card
2189,1.0,11.93,1.5,0.0,1,14.43,Credit Card
3459,1.54,16.32,3.26,0.0,2,21.58,Credit Card
4854,2.82,26.81,3.6,0.0,0,30.41,Credit Card
154,1.83,6.37,1.02,0.0,0,7.39,Credit Card
1221,1.24,9.71,0.25,0.0,3,12.96,Credit Card
3373,6.31,30.61,1.07,0.0,3,34.68,Cash
3889,1.61,20.25,0.61,0.0,2,22.86,Cash
4015,2.64,21.59,2.6,0.0,0,24.19,Cash
4561,2.68,25.2,4.17,0.0,0,29.37,Credit Card
137,1.67,3.97,0.69,0.0,0,4.66,Cash
2779,2.65,18.78,1.85,0.0,1,21.63,Cash
2887,2.29,19.54,3.84,0.0,0,23.38,Cash
1543,1.53,8.88,1.34,0.0,0,10.22,Credit Card
5163,1.42,24.15,0.68,0.0,0,24.83,Credit Card
4173,1.97,21.52,2.78,0.0,0,24.3,Cash
4290,0.68,19.44,2.29,0.0,3,24.73,Credit Card
4859,2.07,25.56,3.63,0.0,0,29.19,Credit Card
4365,2.21,23.93,0.92,0.0,0,24.85,Cash
180,2.49,7.97,0.19,0.0,0,8.16,Cash
1046,2.43,12.63,0.96,0.0,0,13.59,Cash
3805,1.62,18.25,2.14,0.0,0,20.39,Mobile
3311,4.72,23.84,1.28,0.0,0,25.12,Cash
2643,1.11,14.17,0.83,0.0,0,15.0,Credit Card
3485,1.22,17.93,2.64,0.0,0,20.57,Cash
3148,1.96,20.38,0.68,0.0,2,23.06,Credit Card
3249,5.38,26.57,1.4,0.0,1,28.97,Cash
4642,3.86,27.86,0.88,0.0,0,28.74,Credit Card
1008,4.13,15.45,2.83,0.0,0,18.28,Credit Card
396,5.48,17.96,0.33,0.0,0,18.29,Cash
5274,1.21,21.61,1.43,0.0,0,23.04,Credit Card
786,0.38,5.93,1.1,3.0,0,10.03,Credit Card
104,2.89,13.58,0.52,0.0,0,14.1,Cash
2856,1.08,13.95,0.95,0.0,0,14.9,Credit Card
90,1.71,6.77,0.46,0.0,1,8.23,Credit Card
2589,3.13,18.62,2.24,0.0,0,20.86,Cash
5006,1.04,24.64,0.28,0.0,0,24.92,Credit Card
1722,1.64,13.85,2.72,0.0,0,16.57,Cash
1692,3.72,18.52,0.39,0.0,0,18.91,Credit Card
1877,4.06,19.19,3.49,0.0,1,23.68,Credit Card
844,3.35,11.23,1.69,0.0,0,12.92,Cash
2112,4.6,19.24,0.88,0.0,0,20.12,Credit Card
3349,1.49,18.39,3.08,0.0,0,21.47,Cash
1597,1.79,11.51,1.93,0.0,0,13.44,Credit Card
4617,3.6,27.51,1.41,0.0,0,28.92,Credit Card
1415,3.55,15.04,2.17,0.0,1,18.21,Cash
1149,3.73,14.77,1.08,0.0,0,15.85,Credit Card
3167,3.85,22.51,1.36,0.0,0,23.87,Cash
5144,7.22,39.66,2.49,0.0,1,43.15,Cash
2895,3.01,20.61,2.03,0.0,1,23.64,Credit Card
3427,1.07,15.26,0.92,0.0,0,16.18,Credit Card
5055,2.54,24.96,3.95,0.0,0,28.91,Credit Card
2720,1.5,15.46,0.13,0.0,0,15.59,Cash
74,1.26,6.86,1.23,1.0,2,11.09,Credit Card
3980,4.16,25.55,4.27,0.0,1,30.82,Credit Card
1596,5.95,20.39,3.44,0.0,0,23.83,Credit Card
5398,2.7,26.6,2.28,0.0,0,28.88,Cash
1580,2.64,14.29,1.7,0.0,0,15.99,Cash
4787,1.59,22.67,3.82,0.0,3,29.49,Credit Card
3633,1.56,20.07,0.56,0.0,0,20.63,Cash
746,0.73,6.3,0.37,1.0,1,8.67,Mobile
2826,3.24,18.84,2.31,0.0,0,21.15,Credit Card
975,1.56,4.87,0.55,0.0,0,5.42,Cash
4494,2.92,26.0,0.41,0.0,0,26.41,Credit Card
2574,2.68,18.05,1.46,0.0,0,19.51,Credit Card
2238,0.61,11.91,0.24,0.0,0,12.15,Credit Card
4768,4.27,30.25,0.83,0.0,1,32.08,Credit Card
3638,2.46,18.35,2.19,0.0,0,20.54,Cash
5310,2.62,26.02,4.93,0.0,0,30.95,Credit Card
3848,0.88,18.81,0.8,0.0,0,19.61,Credit Card
2409,2.21,18.87,2.68,0.0,0,21.55,Credit Card
5277,1.29,24.15,0.97,0.0,3,28.12,Cash
3390,2.07,19.12,3.28,0.0,1,23.4,Credit Card
757,6.76,21.01,0.52,0.0,0,21.53,Credit Card
2124,1.07,11.38,1.74,0.0,0,13.12,Credit Card
4043,0.76,19.48,0.63,0.0,0,20.11,Cash
1033,1.94,13.52,0.6,1.5,0,15.62,Credit Card
405,1.99,9.73,0.99,0.0,2,12.72,Credit Card
2783,2.48,19.2,2.33,0.0,0,21.53,Cash
3365,4.93,26.57,5.31,0.0,0,31.88,Credit Card
4966,1.31,24.35,0.41,1.0,0,25.76,Mobile
632,2.64,12.15,1.77,0.0,0,13.92,Credit Card
1288,0.99,10.73,0.72,0.0,3,14.45,Credit Card
390,0.94,7.25,0.62,0.0,0,7.87,Credit Card
985,2.46,13.25,0.26,0.0,0,13.51,Credit Card
3342,3.27,22.34,3.69,0.0,0,26.03,Credit Card
2745,1.57,17.33,1.77,0.0,0,19.1,Credit Card
4572,1.03,20.9,3.18,0.0,2,26.08,Cash
4060,0.92,19.95,1.81,0.0,2,23.76,Credit Card
796,1.53,8.61,0.78,0.0,0,9.39,Credit Card
2833,1.82,15.27,2.1,0.0,0,17.37,Mobile
4062,2.92,23.61,1.03,0.5,2,27.14,Credit Card
2768,1.29,13.73,0.22,0.0,0,13.95,Credit Card
1715,0.88,10.35,0.21,1.5,0,12.06,Cash
4378,0.98,20.37,0.85,0.5,0,21.72,Cash
902,0.73,8.95,1.61,0.0,1,11.56,Credit Card
594,1.37,6.26,1.2,0.0,1,8.46,Credit Card
4943,1.9,22.34,1.72,0.0,0,24.06,Credit Card
1292,4.05,16.62,0.94,0.0,0,17.56,Cash
2516,4.62,20.36,0.74,0.0,0,21.1,Credit Card
2312,3.72,17.69,2.84,0.0,0,20.53,Credit Card
3727,1.41,18.83,0.11,0.0,0,18.94,Cash
3377,1.73,19.96,1.81,0.0,0,21.77,Mobile
3334,2.98,20.59,0.35,0.0,0,20.94,Credit Card
3500,2.43,20.32,3.37,0.0,2,25.69,Cash
3114,4.05,21.9,0.57,0.0,1,23.47,Credit Card
3011,1.14,15.06,2.4,0.0,0,17.46,Cash
1045,2.83,12.41,0.32,0.0,0,12.73,Credit Card
4755,2.4,23.23,2.99,0.0,0,26.22,Credit Card
2300,2.08,15.51,2.98,0.0,2,20.49,Credit Card
1838,2.4,13.59,1.96,0.0,0,15.55,Cash
4339,0.96,20.15,0.01,0.0,1,21.16,Credit Card
3695,2.57,22.25,4.29,0.0,0,26.54,Credit Card
1448,1.63,13.75,2.1,0.0,0,15.85,Credit Card
4461,1.71,20.23,1.16,0.0,0,21.39,Credit Card
499,1.72,6.58,0.12,0.0,0,6.7,Credit Card
1452,6.7,22.19,3.2,0.0,0,25.39,Credit Card
3715,2.71,20.44,1.28,0.0,0,21.72,Credit Card
4952,2.69,23.89,3.0,0.0,0,26.89,Cash
4078,5.9,30.8,4.16,0.0,0,34.96,Cash
4602,4.13,24.7,0.94,0.0,0,25.64,Credit Card
4486,4.1,23.75,2.79,0.0,0,26.54,Cash
3263,1.17,18.2,1.13,0.0,3,22.33,Cash
3358,1.9,18.22,2.39,0.0,5,25.61,Credit Card
2095,1.92,14.55,0.39,0.0,3,17.94,Mobile
1649,3.57,17.53,1.8,0.0,0,19.33,Cash
418,5.01,17.14,2.36,0.0,0,19.5,Cash
988,3.03,12.18,0.8,0.0,0,12.98,Credit Card
3705,3.34,23.03,1.07,0.0,0,24.1,Credit Card
1692,3.75,14.09,0.26,0.0,1,15.35,Credit Card
4267,2.74,22.36,0.6,0.0,0,22.96,Credit Card
70,0.95,5.66,0.94,0.0,0,6.6,Mobile
5329,3.1,29.52,1.72,0.0,0,31.24,Credit Card
1420,1.35,12.17,0.17,0.0,0,12.34,Cash
3652,1.34,20.93,1.14,0.0,0,22.07,No Charge
2629,3.27,18.38,0.72,0.0,3,22.1,Credit Card
2003,1.21,16.02,1.45,0.0,0,17.47,Credit Card
4517,3.03,23.53,4.29,0.0,0,27.82,Mobile
4375,1.65,19.94,3.87,0.0,0,23.81,Credit Card
1442,1.99,13.06,2.05,0.0,0,15.11,Credit Card
4439,1.7,19.31,2.1,0.0,2,23.41,Cash
657,2.69,12.97,1.12,0.0,0,14.09,Credit Card
5306,1.75,23.56,3.66,0.0,3,30.22,Cash
1716,1.74,14.92,1.1,0.0,3,19.02,Credit Card
5134,2.58,27.16,2.2,0.0,0,29.36,Credit Card
4378,1.83,22.06,0.03,0.0,0,22.09,Credit Card
2851,0.74,12.48,1.44,0.0,0,13.92,Cash
5139,1.43,22.98,2.6,0.0,0,25.58,No Charge
614,1.16,7.93,1.26,1.5,1,11.69,Credit Card
463,2.78,9.66,1.74,0.0,0,11.4,Credit Card
3933,2.56,23.57,1.69,0.0,2,27.26,Credit Card
4243,2.93,24.01,1.65,0.0,0,25.66,Credit Card
424,2.88,11.02,0.44,0.0,0,11.46,Credit Card
2519,3.85,19.72,0.63,0.0,0,20.35,Credit Card
195,2.2,7.44,1.05,0.0,1,9.49,Cash
2506,3.07,18.69,0.78,0.0,0,19.47,Cash
3762,2.36,21.23,3.32,0.0,0,24.55,Credit Card
2784,1.89,15.49,2.88,1.5,0,19.87,Cash
1893,0.6,11.94,1.5,0.0,0,13.44,Cash
4108,2.17,22.13,4.07,0.0,1,27.2,No Charge
2731,2.62,17.32,3.41,0.0,0,20.73,Cash
4953,1.89,23.49,0.85,0.0,0,24.34,Cash
416,1.75,8.08,0.68,0.0,0,8.76,Credit Card
746,2.26,9.44,1.72,0.0,0,11.16,Credit Card
2442,0.85,12.46,1.65,0.0,1,15.11,Mobile
1440,2.74,13.89,1.9,0.0,2,17.79,Credit Card
616,2.58,9.25,0.27,0.0,0,9.52,Credit Card
3780,9.46,37.09,3.53,1.0,2,43.62,Credit Card
1725,1.18,12.63,2.47,0.0,0,15.1,Credit Card
91,0.99,3.25,0.36,0.0,0,3.61,Credit Card
4646,10.38,42.75,1.44,0.0,0,44.19,Credit Card
3756,8.23,37.83,7.07,0.0,0,44.9,Credit Card
4196,2.29,21.75,3.93,0.0,0,25.68,Cash
2514,1.7,15.17,2.06,0.0,0,17.23,Cash
545,0.75,6.24,0.71,0.0,1,7.95,Credit Card
2465,1.61,12.23,2.02,0.0,0,14.25,Cash
1475,2.37,13.77,0.65,0.0,1,15.42,Credit Card
4012,2.84,23.19,4.64,0.0,2,29.83,Cash
3822,6.01,29.91,3.3,0.0,2,35.21,Cash
1993,2.23,13.0,1.11,0.0,1,15.11,Credit Card
2069,4.23,19.24,3.66,0.0,0,22.9,Mobile
792,1.44,11.3,0.43,0.0,1,12.73,Credit Card
2164,5.04,21.58,1.99,0.0,0,23.57,Cash
3540,1.1,17.91,0.98,0.0,0,18.89,Mobile
964,3.05,10.67,1.46,0.0,0,12.13,Credit Card
4240,1.52,17.97,1.11,0.0,2,21.08,Credit Card
3633,2.59,20.4,1.12,0.0,0,21.52,Credit Card
5144,3.12,26.51,2.39,0.0,2,30.9,Cash
1836,2.36,14.25,1.03,0.0,0,15.28,Credit Card
1607,0.6,9.74,1.77,0.0,5,16.51,Credit Card
3805,4.28,25.74,0.39,0.0,5,31.13,Cash
3737,3.45,16.84,2.58,0.0,1,20.42,Credit Card
2138,2.95,19.42,0.13,0.0,2,21.55,Credit Card
4171,1.65,19.74,1.17,0.0,0,20.91,Cash
3962,1.07,19.79,3.05,0.0,2,24.84,Credit Card
2507,1.69,15.71,0.48,0.0,1,17.19,Cash
4663,0.78,22.83,0.26,0.0,0,23.09,Cash
5073,1.08,20.8,4.16,0.0,0,24.96,Credit Card
3623,3.53,21.01,3.02,0.0,0,24.03,Credit Card
4135,0.3,17.46,1.0,1.5,2,21.96,Credit Card
4521,2.82,25.12,2.54,0.0,0,27.66,Credit Card
790,1.0,10.01,0.81,0.0,0,10.82,Credit Card
2464,3.04,16.78,0.47,0.0,0,17.25,Cash
3032,1.59,16.12,0.58,0.0,1,17.7,Credit Card
1148,2.3,14.58,0.71,0.0,0,15.29,Cash
2541,0.9,12.74,0.47,0.5,0,13.71,Cash
1639,1.79,12.85,0.25,0.0,0,13.1,Credit Card
1360,3.96,14.48,2.81,0.0,0,17.29,Cash
1542,2.36,14.31,2.01,0.0,0,16.32,Credit Card
780,1.15,6.77,1.23,0.0,0,8.0,Cash
4177,3.36,26.46,5.2,0.0,0,31.66,Credit Card
2948,1.18,15.49,2.4,0.0,1,18.89,Credit Card
4836,4.09,29.0,3.01,0.0,1,33.01,Cash
4956,1.67,24.21,1.63,0.0,5,30.84,Credit Card
265,2.48,8.84,0.53,0.0,0,9.37,No Charge
4136,1.23,20.13,2.14,0.0,0,22.27,Credit Card
596,3.52,9.42,0.81,0.5,2,12.73,Credit Card
870,4.23,17.71,2.03,0.0,0,19.74,Cash
399,2.23,8.43,1.27,0.0,0,9.7,Credit Card
4580,1.94,20.23,1.56,0.0,0,21.79,Cash
2889,0.5,9.95,0.61,1.5,1,13.06,Mobile
1244,6.59,21.85,1.65,0.0,0,23.5,Cash
3942,1.63,19.31,0.55,0.0,0,19.86,Credit Card
4421,1.93,22.09,1.39,0.0,0,23.48,Cash
1358,10.26,31.33,3.24,0.0,2,36.57,Credit Card
4998,2.3,25.83,0.64,0.0,0,26.47,Credit Card
4950,0.84,21.71,1.89,0.0,2,25.6,Credit Card
2493,1.89,13.32,0.13,0.0,1,14.45,Credit Card
1019,3.32,12.98,0.82,0.0,0,13.8,Cash
3820,1.36,21.19,3.58,0.0,0,24.77,Credit Card
3919,1.41,20.67,0.47,0.0,0,21.14,Cash
2613,0.89,12.97,0.65,0.0,0,13.62,Cash
3999,0.62,20.48,2.26,0.0,0,22.74,Cash
2331,1.7,17.74,1.44,0.0,0,19.18,Cash
4752,0.71,18.25,2.14,0.0,0,20.39,Cash
2597,7.94,28.45,1.61,0.0,1,31.06,Credit Card
448,0.87,4.79,0.03,0.0,0,4.82,Credit Card
1857,1.58,13.49,2.02,0.0,0,15.51,Cash
4234,2.32,20.44,0.23,0.0,1,21.67,Cash
2017,2.38,15.98,0.67,0.0,0,16.65,Credit Card
3676,1.2,21.76,1.16,0.0,1,23.92,Cash
1066,2.37,9.53,1.41,0.0,0,10.94,Cash
1525,3.19,14.35,1.97,0.0,1,17.32,Credit Card
3513,1.02,18.17,0.71,0.0,0,18.88,Credit Card
4692,5.1,28.43,4.32,0.0,0,32.75,Credit Card
5268,1.87,25.46,0.12,0.0,0,25.58,Cash
171,0.98,4.43,0.29,0.0,0,4.72,Credit Card
933,0.99,9.38,1.45,0.0,0,10.83,Credit Card
3138,0.93,15.28,1.79,0.0,3,20.07,Cash
2146,4.86,20.52,0.32,0.0,1,21.84,Credit Card
5140,4.39,31.0,5.66,0.0,0,36.66,Credit Card
1570,2.81,17.44,1.36,0.0,1,19.8,No Charge
2950,1.28,14.85,0.9,0.0,0,15.75,Cash
4187,8.03,35.11,1.07,0.0,1,37.18,Credit Card
3816,1.05,18.51,2.04,0.0,1,21.55,Credit Card
1986,1.28,13.37,0.51,0.5,0,14.38,No Charge
4228,2.92,22.29,1.35,0.0,0,23.64,Cash
83,5.07,19.13,3.51,0.0,0,22.64,Credit Card
518,0.52,6.41,0.74,0.0,0,7.15,Cash
1733,2.65,12.58,2.25,0.0,0,14.83,Credit Card
4403,1.24,19.14,3.38,0.0,0,22.52,Credit Card
2601,0.95,12.59,1.43,0.0,0,14.02,Credit Card
595,2.55,9.07,0.4,0.0,0,9.47,Credit Card
907,1.51,9.49,1.41,0.0,0,10.9,Credit Card
470,2.2,7.92,1.12,0.0,0,9.04,Credit Card
988,0.52,9.02,1.39,0.0,0,10.41,Cash
4761,2.61,26.77,0.28,0.0,0,27.05,Credit Card
835,4.09,15.03,2.93,0.0,0,17.96,Mobile
2134,0.91,12.32,0.48,0.0,0,12.8,No Charge
4629,1.1,21.15,0.26,5.0,0,26.41,Cash
1400,3.04,13.83,0.82,0.0,0,14.65,Credit Card
1049,4.46,19.42,3.3,0.0,0,22.72,Cash
2272,2.88,19.98,1.76,0.0,0,21.74,Credit Card
2773,4.47,23.68,4.29,0.5,0,28.47,Cash
2265,0.46,9.41,0.08,0.0,2,11.49,Cash
1956,1.04,12.1,0.08,0.0,0,12.18,Cash
531,2.49,14.33,1.93,1.5,0,17.76,Credit Card
5326,2.5,26.56,2.34,0.0,1,29.9,Credit Card
310,1.73,8.56,1.46,0.0,2,12.02,Credit Card
3878,1.12,19.39,3.77,0.0,0,23.16,Credit Card
5327,1.81,27.18,0.24,5.0,0,32.42,Credit Card
2626,0.84,14.48,0.63,0.0,1,16.11,Credit Card
502,1.27,8.87,0.76,0.0,0,9.63,Cash
4912,0.63,20.32,1.07,0.0,2,23.39,Credit Card
1128,0.77,9.59,0.34,0.0,0,9.93,Cash
1369,2.01,13.37,2.32,0.0,1,16.69,Credit Card
1076,3.56,17.74,0.99,0.0,1,19.73,Credit Card
270,1.34,9.18,1.46,0.0,0,10.64,Credit Card
2694,1.59,14.61,0.68,0.0,0,15.29,Credit Card
1514,5.74,21.14,4.21,0.0,0,25.35,Credit Card
3636,0.73,16.11,2.52,0.0,0,18.63,Credit Card
2973,1.05,15.82,0.1,0.0,0,15.92,Credit Card
1413,2.04,11.44,0.66,0.0,0,12.1,Cash
5224,1.66,25.79,0.89,0.5,0,27.18,Credit Card
1801,2.52,17.79,1.63,0.0,1,20.42,No Charge
2106,1.59,13.98,1.53,0.0,2,17.51,Cash
2189,4.7,22.47,2.0,0.0,0,24.47,Credit Card
3385,2.16,21.14,2.33,0.0,0,23.47,Credit Card
4930,3.98,29.61,1.83,0.0,2,33.44,Credit Card
2955,1.97,16.71,0.18,0.0,0,16.89,Cash
4488,1.03,20.76,3.75,0.0,1,25.51,Credit Card
3743,3.0,23.9,4.27,0.0,0,28.17,Credit Card
1392,2.59,12.46,1.2,0.0,0,13.66,Credit Card
2479,1.51,11.17,0.27,0.0,0,11.44,Mobile
3797,0.91,16.56,2.18,0.0,0,18.74,Credit Card
1528,0.79,12.05,1.46,0.0,0,13.51,Credit Card
3595,1.44,16.97,1.12,0.0,0,18.09,Credit Card
2900,1.41,16.85,2.55,0.0,0,19.4,Credit Card
1544,1.83,14.06,1.71,0.0,0,15.77,Credit Card
2234,1.84,14.75,0.13,0.0,3,17.88,Credit Card
2072,1.6,13.66,1.39,0.0,0,15.05,Credit Card
271,1.11,6.93,0.31,0.0,2,9.24,Cash
2898,3.57,22.39,0.11,0.0,0,22.5,Cash
5145,3.81,27.85,4.01,0.0,1,32.86,Cash
3178,3.8,22.25,2.42,0.0,0,24.67,Cash
5297,2.99,30.04,4.35,0.0,1,35.39,Credit Card
4462,2.46,24.4,3.41,0.0,0,27.81,Cash
923,12.86,33.33,2.49,0.5,0,36.32,Cash
2647,3.0,16.3,0.28,0.0,0,16.58,Cash
4953,1.44,22.84,2.99,0.0,0,25.83,Credit Card
2041,0.83,12.16,1.06,1.5,0,14.72,Credit Card
4400,3.33,25.59,3.07,0.0,0,28.66,Credit Card
3708,1.89,22.25,0.19,1.5,0,23.94,Credit Card
4236,1.44,21.43,1.96,0.0,0,23.39,Credit Card
2188,2.28,16.09,0.78,0.0,1,17.87,Cash
3750,1.11,21.0,0.03,0.0,2,23.03,Credit Card
3393,1.28,17.39,2.83,0.0,0,20.22,Credit Card
3522,1.14,18.08,2.77,1.5,0,22.35,Credit Card
1050,1.42,10.74,1.6,0.0,0,12.34,Credit Card
3206,3.31,21.57,3.71,0.0,0,25.28,Cash
2803,1.1,13.55,2.41,0.0,0,15.96,Cash
1179,2.63,14.35,2.46,0.0,0,16.81,Cash
5238,1.73,21.79,2.81,0.0,1,25.6,Credit Card
5331,0.76,21.18,2.31,0.0,0,23.49,Credit Card
3524,4.21,25.81,3.03,0.0,1,29.84,Credit Card
4761,3.16,27.19,4.73,0.0,0,31.92,Cash
760,1.23,7.17,0.11,0.0,0,7.28,Credit Card
188,2.31,8.46,1.02,0.0,0,9.48,Credit Card
4861,1.08,23.55,0.33,0.0,0,23.88,Credit Card
5293,3.24,25.76,0.49,0.0,0,26.25,Credit Card
2160,2.28,15.58,0.17,0.0,2,17.75,Credit Card
3043,2.56,18.54,1.79,0.0,0,20.33,Cash
1984,1.14,12.12,0.6,0.0,1,13.72,Credit Card
4154,1.91,20.61,2.67,0.0,0,23.28,Credit Card
1323,1.56,11.87,0.64,0.0,0,12.51,Credit Card
4543,1.74,22.09,3.88,0.0,0,25.97,Cash
1665,2.06,13.47,2.59,0.0,0,16.06,Credit Card
1538,0.56,11.08,1.76,0.0,0,12.84,Credit Card
309,2.29,9.73,1.93,0.0,1,12.66,Cash
662,1.7,11.08,0.48,0.0,1,12.56,Credit Card
1697,1.25,9.54,1.65,0.0,0,11.19,Cash
2834,5.45,26.93,1.07,0.0,0,28.0,Credit Card
1349,5.33,17.57,3.12,0.0,0,20.69,Cash
2998,0.83,16.53,2.69,0.0,0,19.22,Credit Card
830,1.18,8.98,0.41,0.0,2,11.39,Credit Card
1497,3.23,18.52,2.46,0.5,0,21.48,Credit Card
1956,1.34,16.25,2.93,0.0,3,22.18,Cash
2494,1.83,18.71,3.08,0.0,2,23.79,Credit Card
1020,1.64,7.95,1.16,0.0,0,9.11,Credit Card
671,2.39,10.66,1.16,0.0,0,11.82,Cash
922,1.52,9.67,0.81,0.0,1,11.48,Cash
4318,2.08,21.43,0.09,0.0,3,24.52,Credit Card
5014,1.77,26.46,0.92,0.0,0,27.38,Credit Card
5118,1.48,21.63,1.99,0.5,1,25.12,Credit Card
1849,2.28,14.77,1.05,0.0,0,15.82,Credit Card
71,1.52,7.17,0.89,0.0,0,8.06,No Charge
816,0.94,8.22,0.65,0.0,5,13.87,Credit Card
1798,1.9,14.22,0.6,0.0,2,16.82,No Charge
1869,1.11,11.68,1.26,0.0,0,12.94,Credit Card
2163,2.78,16.04,0.44,0.0,0,16.48,Cash
407,1.82,9.78,1.57,0.0,0,11.35,Cash
971,1.6,9.7,1.57,0.0,1,12.27,Credit Card
4636,4.3,28.82,0.43,0.0,2,31.25,Mobile
5282,2.04,26.2,2.58,0.0,0,28.78,Cash
3676,2.07,22.83,0.81,0.0,0,23.64,Credit Card
1283,4.48,20.6,2.62,0.0,0,23.22,Mobile
1524,3.17,17.85,3.38,0.0,0,21.23,Credit Card
4097,2.69,23.16,0.33,0.0,0,23.49,Credit Card
4996,3.14,26.71,4.12,0.0,0,30.83,Credit Card
2021,1.9,13.44,0.25,0.0,0,13.69,Credit Card
5031,1.76,22.38,2.12,0.0,1,25.5,Mobile
3760,0.86,17.66,0.09,1.0,1,19.75,Cash
2226,1.22,9.94,0.81,0.0,0,10.75,Credit Card
524,1.37,6.91,0.92,0.0,0,7.83,Credit Card
3003,3.71,22.07,1.2,0.0,1,24.27,Credit Card
1626,1.24,11.03,0.71,0.0,2,13.74,Credit Card
1436,2.31,9.62,1.6,0.0,2,13.22,Cash
3613,2.51,20.85,1.05,0.0,0,21.9,Cash
3419,2.49,19.39,0.47,0.0,1,20.86,Cash
1056,3.68,15.57,2.65,1.0,0,19.22,Credit Card
1510,0.94,10.23,0.53,0.0,0,10.76,Cash
2187,4.96,23.5,0.88,0.0,2,26.38,Credit Card
4813,1.06,19.89,1.46,0.0,0,21.35,Credit Card
5316,1.75,25.87,1.03,0.0,1,27.9,Cash
2232,2.76,15.56,2.02,0.0,0,17.58,Credit Card
3271,1.67,17.49,3.46,0.0,2,22.95,Credit Card
4823,1.03,20.53,2.11,0.0,1,23.64,Credit Card
625,0.51,5.97,0.99,0.0,0,6.96,Credit Card
2007,1.77,13.01,1.89,0.0,1,15.9,Cash
292,4.87,14.18,1.01,0.0,2,17.19,Credit Card
2954,4.3,20.64,3.11,0.0,0,23.75,Credit Card
1916,0.55,10.8,0.14,0.0,0,10.94,Cash
3391,2.42,18.41,2.96,0.0,0,21.37,Cash
5107,2.49,26.81,5.02,0.0,0,31.83,Mobile
4739,1.02,22.08,1.25,0.0,1,24.33,Cash
5180,1.04,24.68,3.74,0.0,0,28.42,Credit Card
2438,1.35,15.88,1.14,0.0,0,17.02,Credit Card
1285,1.16,10.75,1.68,0.0,0,12.43,Credit Card
2907,1.46,19.84,1.51,0.0,0,21.35,Cash
2678,1.17,15.25,0.73,0.0,0,15.98,Credit Card
3353,3.39,22.35,4.0,0.0,0,26.35,Cash
4070,1.31,18.7,1.74,0.0,0,20.44,Mobile
5261,1.39,23.99,1.58,0.0,0,25.57,Credit Card
5049,0.62,23.67,2.21,0.0,0,25.88,Cash
1721,1.82,14.05,0.33,0.0,1,15.38,Credit Card
1210,1.32,10.82,0.98,0.0,0,11.8,Mobile
3804,0.76,15.3,0.88,0.0,3,19.18,Cash
2594,1.17,9.61,1.17,0.0,0,10.78,Cash
4466,1.8,20.21,2.28,0.0,0,22.49,Credit Card
2684,2.55,17.18,2.28,0.0,1,20.46,Cash
3744,5.15,31.06,0.8,0.0,0,31.86,Credit Card
5182,9.93,44.91,8.03,0.0,1,53.94,Mobile
1692,1.75,10.77,0.99,0.0,0,11.76,Cash
2102,0.89,11.45,1.85,0.0,1,14.3,Cash
1489,2.04,12.48,1.56,0.0,1,15.04,Credit Card
1780,1.22,13.12,1.68,0.0,0,14.8,Mobile
3841,2.0,22.17,2.3,0.0,0,24.47,Cash
2306,3.21,16.35,1.37,0.0,0,17.72,Credit Card
4141,2.17,22.92,2.62,0.0,1,26.54,Mobile
1244,2.32,14.11,0.33,0.0,0,14.44,Credit Card
1534,1.91,12.79,1.5,0.0,0,14.29,Credit Card
2268,1.15,13.41,1.01,0.0,1,15.42,Credit Card
5232,1.04,22.1,1.82,0.0,0,23.92,Cash
4122,0.96,18.97,3.68,0.0,0,22.65,Cash
4038,2.93,22.42,2.88,0.0,0,25.3,Credit Card
2242,1.62,14.64,2.77,0.0,0,17.41,Credit Card
219,2.86,11.0,2.06,0.0,0,13.06,Cash
570,1.47,11.56,0.91,0.0,0,12.47,Credit Card
668,1.65,10.5,2.03,0.0,0,12.53,Credit Card
781,2.42,12.67,1.52,0.0,0,14.19,Mobile
2637,1.93,15.78,1.18,0.0,0,16.96,Credit Card
3074,1.04,20.59,4.0,0.0,1,25.59,Credit Card
4121,1.1,20.9,0.98,0.0,3,24.88,Credit Card
1923,2.32,14.34,1.18,0.0,0,15.52,Credit Card
2267,0.57,11.63,1.13,0.0,5,17.76,Credit Card
3259,3.2,21.57,0.68,0.0,0,22.25,Credit Card
3988,2.39,21.61,4.25,0.0,0,25.86,Cash
823,2.05,13.5,2.44,0.0,0,15.94,Cash
1696,3.34,16.82,1.27,0.0,2,20.09,Cash
1942,1.83,17.76,2.46,0.0,0,20.22,Cash
3998,3.67,24.1,4.51,0.0,1,29.61,Cash
5083,2.98,27.24,0.72,0.0,1,28.96,Cash
4371,1.67,22.9,2.96,0.0,2,27.86,Credit Card
295,1.21,5.18,1.03,0.0,2,8.21,Cash
1751,2.24,11.83,0.37,0.0,0,12.2,Cash
4254,1.76,20.93,2.05,0.0,0,22.98,Cash
1845,1.42,13.35,0.95,1.0,0,15.3,Cash
4556,1.93,26.39,4.21,0.0,2,32.6,Credit Card
5355,1.28,25.47,4.37,1.5,0,31.34,No Charge
2950,6.29,27.63,0.94,0.0,0,28.57,Credit Card
1451,1.84,11.21,0.77,0.0,0,11.98,Credit Card
4253,4.51,25.02,4.74,0.0,3,32.76,Credit Card
1053,3.07,15.79,0.66,0.0,0,16.45,Credit Card
3565,6.03,29.42,4.78,0.0,2,36.2,Credit Card
1434,2.42,13.13,1.6,0.0,2,16.73,Credit Card
766,1.01,5.92,0.35,0.0,1,7.27,Credit Card
2158,2.54,17.98,3.35,0.0,0,21.33,Cash
2843,3.99,22.5,3.75,0.0,0,26.25,Credit Card
2775,0.86,12.24,1.64,0.0,0,13.88,Credit Card
885,2.53,11.51,0.14,0.0,0,11.65,Credit Card
1951,6.19,22.51,1.14,0.0,0,23.65,Credit Card
382,3.22,11.59,1.86,0.0,1,14.45,Credit Card
2783,5.13,22.22,1.12,0.0,0,23.34,Credit Card
1293,1.83,9.8,0.19,0.0,1,10.99,Cash
4605,1.11,21.68,3.59,0.0,0,25.27,Credit Card
3175,2.37,21.23,0.74,0.0,2,23.97,Credit Card
2127,2.09,15.63,1.88,0.0,0,17.51,Cash
1828,3.53,20.5,2.5,0.0,0,23.0,Credit Card
4746,2.11,22.63,2.91,0.0,0,25.54,No Charge
1208,1.36,9.13,1.73,0.0,0,10.86,Credit Card
4059,2.67,23.12,1.92,0.0,2,27.04,Credit Card
2090,3.31,17.28,1.54,0.0,1,19.82,Credit Card
4986,0.59,19.24,2.0,0.0,0,21.24,Credit Card
1086,0.82,6.52,0.17,0.0,3,9.69,Cash
4640,3.03,25.42,4.35,0.0,0,29.77,Credit Card
881,4.17,16.12,2.25,0.0,0,18.37,Credit Card
1955,1.29,13.01,0.27,0.0,0,13.28,Credit Card
2026,0.58,10.76,0.15,0.0,3,13.91,Cash
757,0.64,6.09,0.62,0.0,0,6.71,Cash
193,1.99,6.97,0.12,0.0,0,7.09,Cash
748,1.12,9.2,1.02,0.0,0,10.22,Credit Card
3767,3.91,25.06,4.2,0.0,0,29.26,Credit Card
478,1.62,8.37,0.26,1.5,0,10.13,Cash
3317,1.26,18.44,2.28,0.0,2,22.72,Credit Card
4586,1.38,21.31,3.09,0.0,2,26.4,Credit Card
3613,0.91,15.9,0.53,0.0,0,16.43,Cash
1098,1.71,10.94,1.86,0.0,0,12.8,Cash
4117,2.31,21.76,0.72,0.0,1,23.48,Credit Card
3480,0.65,14.7,2.2,0.0,0,16.9,Credit Card
1349,2.92,14.16,1.53,0.0,0,15.69,Credit Card
450,2.6,10.86,0.79,0.0,0,11.65,Credit Card
4497,1.44,22.09,1.08,0.0,0,23.17,Cash
1546,0.65,11.67,1.86,0.0,3,16.53,Cash
1790,1.69,14.12,0.14,0.0,0,14.26,Credit Card
795,1.59,10.13,1.75,0.0,0,11.88,Credit Card
1869,1.59,10.57,1.52,0.0,0,12.09,Cash
3116,2.13,20.82,0.47,0.0,0,21.29,Credit Card
4337,3.96,29.79,5.33,0.0,0,35.12,Credit Card
3914,0.87,18.07,0.93,0.0,0,19.0,Credit Card
3826,0.88,16.89,2.61,0.0,1,20.5,Credit Card
2410,2.88,20.06,1.46,0.5,1,23.02,Cash
4109,3.12,25.41,1.62,0.0,0,27.03,Credit Card
1752,1.76,11.32,1.45,0.0,0,12.77,Cash
3474,1.34,18.41,1.42,0.0,0,19.83,Credit Card
2665,3.44,17.62,1.82,0.0,1,20.44,Credit Card
2075,2.12,15.16,0.31,0.0,0,15.47,Credit Card
287,1.39,7.18,0.36,0.0,2,9.54,Cash
2912,1.24,17.54,2.4,0.0,0,19.94,Credit Card
2545,1.89,17.12,1.48,0.0,1,19.6,Credit Card
2772,2.9,16.96,2.93,0.0,0,19.89,Cash
2959,5.19,23.97,2.74,0.0,1,27.71,Credit Card
1027,2.37,10.23,1.46,0.0,0,11.69,Cash
4031,1.83,20.93,1.64,0.0,3,25.57,Credit Card
4035,1.26,18.75,3.34,0.0,0,22.09,Cash
3110,1.74,19.55,3.06,0.0,1,23.61,Cash
3777,1.07,19.73,0.96,0.0,0,20.69,Credit Card
1019,4.04,14.57,0.6,0.0,0,15.17,Cash
2114,1.16,15.66,0.37,0.0,0,16.03,Cash
4233,1.87,20.26,3.1,0.0,0,23.36,Credit Card
5051,2.87,28.05,4.58,0.0,0,32.63,Credit Card
596,3.76,12.79,2.48,0.0,0,15.27,Credit Card
2146,1.34,13.15,0.94,0.0,0,14.09,Cash
5025,6.25,31.53,5.98,0.0,0,37.51,Cash
827,0.39,7.62,1.4,0.0,0,9.02,Cash
2661,0.9,13.22,1.96,0.0,0,15.18,Credit Card
5380,1.38,23.69,1.42,0.0,0,25.11,Cash
3778,3.1,22.22,2.82,0.0,0,25.04,Credit Card
4156,1.9,22.5,2.76,0.0,1,26.26,Credit Card
4830,3.32,27.11,5.3,0.0,0,32.41,Cash
3152,1.61,16.04,0.76,1.0,0,17.8,Credit Card
3512,3.04,22.11,0.29,0.0,0,22.4,Credit Card
3314,3.18,21.84,3.3,0.0,0,25.14,Credit Card
4172,3.16,24.44,4.73,0.0,0,29.17,Cash
1727,3.3,16.49,2.75,0.0,1,20.24,Cash
2935,5.36,23.96,2.97,0.0,0,26.93,Credit Card
3213,1.24,18.99,2.42,0.0,0,21.41,Credit Card
587,2.38,9.47,0.11,0.0,0,9.58,Cash
4754,0.63,20.52,0.79,0.0,0,21.31,Credit Card
1411,1.09,12.83,2.44,0.0,0,15.27,Credit Card
1270,6.43,24.11,4.18,0.0,0,28.29,Credit Card
4114,3.43,25.17,3.25,0.0,0,28.42,Credit Card
926,3.0,12.01,0.65,0.0,0,12.66,Mobile
4853,2.44,22.42,2.62,0.0,0,25.04,Credit Card
4223,1.79,20.99,0.17,0.0,2,23.16,Cash
3197,1.3,17.15,1.25,0.0,0,18.4,Credit Card
3699,2.64,23.45,2.09,0.0,0,25.54,Credit Card
3614,2.92,23.39,2.93,0.0,0,26.32,Cash
1164,0.48,8.95,1.73,0.0,0,10.68,Cash
1701,0.96,11.26,0.84,0.0,0,12.1,Credit Card
3659,2.6,23.69,2.55,0.0,0,26.24,Cash
1641,1.07,10.81,0.76,0.0,0,11.57,Cash
3906,1.78,19.26,3.64,0.0,0,22.9,Credit Card
959,5.73,16.99,1.24,0.0,2,20.23,Cash
1562,4.59,19.81,2.19,0.0,0,22.0,Credit Card
3241,1.72,15.78,0.74,0.5,0,17.02,Credit Card
1694,1.15,11.37,0.61,0.0,1,12.98,Credit Card
1883,3.78,16.09,2.94,0.0,0,19.03,Credit Card
864,5.8,22.01,1.78,0.0,1,24.79,Credit Card
3317,1.29,17.13,0.66,0.0,0,17.79,Credit Card
3038,3.25,22.87,2.77,0.0,0,25.64,Cash
2044,1.37,14.49,1.22,0.0,2,17.71,Credit Card
3522,1.3,15.7,2.36,0.0,0,18.06,Credit Card
119,2.72,10.61,2.09,0.0,5,17.7,Credit Card
3035,2.67,17.34,2.98,0.0,1,21.32,Credit Card
3331,2.01,17.0,2.02,0.0,0,19.02,Cash
1542,1.28,13.59,2.03,0.0,0,15.62,Credit Card
2286,0.58,9.03,0.82,0.0,0,9.85,No Charge
2683,11.68,42.11,6.01,1.5,0,49.62,Credit Card
4154,2.08,22.96,0.33,0.0,0,23.29,Credit Card
1829,3.14,16.88,1.27,0.0,0,18.15,Credit Card
4199,5.43,27.4,2.95,0.0,0,30.35,Cash
1853,1.43,13.36,1.51,0.0,0,14.87,Credit Card
1548,1.76,12.7,1.84,0.0,0,14.54,Cash
2421,1.51,16.98,0.65,0.0,0,17.63,Credit Card
916,0.59,7.91,0.62,0.0,3,11.53,Cash
2255,1.05,11.11,1.46,0.0,0,12.57,Cash
1292,2.54,17.31,2.55,0.0,5,24.86,Credit Card
1828,1.81,15.36,2.56,0.0,1,18.92,Cash
4039,2.71,20.55,1.96,0.0,3,25.51,Credit Card
2278,1.82,15.61,1.87,0.0,0,17.48,Credit Card
4239,3.39,25.74,2.49,0.0,0,28.23,Cash
506,1.61,9.28,1.68,0.0,0,10.96,Cash
842,2.04,9.74,0.44,1.5,2,13.68,Credit Card
1234,4.6,18.0,0.46,0.0,0,18.46,Credit Card
1915,1.94,12.67,2.41,0.0,0,15.08,Cash
5399,7.24,36.63,1.24,0.0,0,37.87,Credit Card
5147,0.84,21.59,1.36,0.0,0,22.95,Credit Card
3426,1.2,15.35,2.25,0.0,0,17.6,Credit Card
4134,1.55,20.26,2.59,0.0,0,22.85,Cash
2567,1.84,12.82,2.25,0.0,0,15.07,Mobile
2961,6.03,24.91,2.0,0.0,1,27.91,Credit Card
186,3.85,14.49,1.33,0.0,0,15.82,Credit Card
3980,2.42,23.27,4.64,0.0,0,27.91,Credit Card
968,2.4,10.91,1.81,0.0,0,12.72,Credit Card
3905,0.93,19.32,3.01,0.0,0,22.33,Credit Card
279,2.3,9.73,0.54,0.0,3,13.27,Credit Card
502,5.76,16.84,0.22,0.0,0,17.06,Credit Card
1584,1.32,13.76,0.32,0.0,0,14.08,Credit Card
5393,1.29,23.67,1.75,0.0,0,25.42,Credit Card
3493,2.19,19.37,3.29,0.0,0,22.66,Credit Card
524,3.86,13.72,2.72,0.0,2,18.44,Credit Card
3042,5.65,28.1,0.54,0.0,1,29.64,Cash
1546,4.59,19.16,3.52,0.5,0,23.18,Cash
168,1.56,8.87,0.27,0.0,0,9.14,Credit Card
3839,8.0,32.89,3.24,0.0,1,37.13,Mobile
3269,1.08,15.41,0.74,0.0,0,16.15,Credit Card
2898,1.37,16.07,1.58,0.0,0,17.65,Cash
177,2.49,8.53,0.59,0.0,0,9.12,Cash
3953,1.06,21.79,0.9,0.0,0,22.69,Credit Card
909,2.96,12.68,1.11,0.0,0,13.79,Credit Card
4974,5.99,35.34,4.45,0.0,0,39.79,Credit Card
950,2.27,12.03,1.83,0.0,3,16.86,Credit Card
3641,0.45,16.6,0.03,0.0,1,17.63,Cash
4651,1.94,24.06,4.03,0.0,0,28.09,Credit Card
3951,2.74,22.27,0.95,0.0,0,23.22,Cash
1174,2.14,10.16,1.95,0.0,0,12.11,Credit Card
3107,1.62,19.4,0.61,0.0,1,21.01,Cash
4684,2.05,23.15,3.88,0.0,1,28.03,Credit Card
5371,0.99,23.03,0.65,0.0,0,23.68,Credit Card
3163,2.15,17.03,1.8,0.0,0,18.83,Cash
661,1.75,11.17,2.15,0.0,1,14.32,Credit Card
3644,1.4,17.02,0.62,0.0,0,17.64,Credit Card
1923,6.57,24.97,0.01,0.0,3,27.98,Cash
3003,1.41,15.12,2.54,0.0,1,18.66,Credit Card
4998,3.65,27.49,2.6,0.0,0,30.09,Credit Card
3413,3.06,20.16,0.74,0.0,0,20.9,Mobile
549,4.48,15.14,0.71,0.0,1,16.85,Cash
457,0.4,3.93,0.02,0.0,1,4.95,Cash
3733,1.79,18.76,0.76,0.0,0,19.52,Credit Card
2263,0.94,11.78,0.52,0.0,0,12.3,Cash
2911,2.12,16.74,1.27,1.0,0,19.01,Credit Card
1460,2.21,11.93,1.6,0.0,1,14.53,Cash
2772,1.41,17.09,1.09,0.0,2,20.18,Cash
3968,6.46,31.24,1.94,0.0,0,33.18,No Charge
1872,3.52,14.44,1.56,0.0,0,16.0,Cash
464,1.44,6.91,1.19,0.0,1,9.1,Credit Card
1153,8.73,27.93,0.52,0.0,0,28.45,Credit Card
4184,1.45,21.92,3.86,3.0,0,28.78,Cash
985,1.58,11.74,0.64,0.0,0,12.38,Cash
456,4.26,13.09,1.16,0.0,2,16.25,Credit Card
795,1.33,9.37,1.38,0.0,0,10.75,Cash
1984,2.12,14.0,1.43,0.0,0,15.43,Credit Card
4614,2.29,25.85,0.96,0.0,1,27.81,Credit Card
2816,5.1,23.87,1.09,1.0,0,25.96,Mobile
3414,0.88,16.32,0.59,0.0,1,17.91,Credit Card
4910,1.66,20.48,3.44,0.0,3,26.92,Credit Card
2186,3.54,17.75,1.44,0.0,0,19.19,Credit Card
4180,1.69,20.49,0.02,0.0,0,20.51,Cash
1418,2.01,13.94,0.91,0.0,0,14.85,Cash
297,3.06,12.31,0.88,0.0,0,13.19,Credit Card
2998,1.7,16.82,0.85,0.0,0,17.67,Credit Card
4555,1.54,19.46,2.66,0.0,0,22.12,Cash
1343,1.11,11.9,0.0,0.0,0,11.9,Credit Card
4020,3.3,23.59,0.83,1.5,0,25.92,Cash
1554,3.14,12.88,1.11,0.0,0,13.99,Credit Card
1121,1.79,9.58,0.88,0.0,0,10.46,Cash
3487,2.08,16.97,0.57,0.0,0,17.54,Credit Card
3748,1.01,15.9,2.59,0.0,0,18.49,Cash
2084,3.42,17.36,1.75,1.0,0,20.11,Credit Card
3158,1.45,16.52,1.54,0.0,2,20.06,Credit Card
783,2.29,10.71,1.79,0.0,0,12.5,Credit Card
2413,2.68,15.13,2.06,0.0,0,17.19,Mobile
1530,2.87,16.2,0.37,0.0,0,16.57,Credit Card
4489,9.91,44.46,5.29,0.0,1,50.75,Credit Card
5349,2.72,26.61,0.42,0.0,0,27.03,Credit Card
1541,0.77,10.08,0.75,1.0,3,14.83,Credit Card
5389,2.41,28.36,1.17,0.0,0,29.53,Cash
522,3.09,11.87,1.38,0.0,0,13.25,Credit Card
4002,0.81,17.34,0.18,0.0,0,17.52,Cash
5000,1.39,23.75,4.53,0.0,0,28.28,Credit Card
4604,2.19,25.94,3.02,0.0,0,28.96,Credit Card
4788,2.84,23.95,1.82,0.0,0,25.77,Credit Card
3722,1.27,18.5,2.53,0.0,0,21.03,Credit Card
4592,2.18,24.08,0.56,0.0,1,25.64,Credit Card
3486,2.36,22.54,0.8,0.0,0,23.34,Credit Card
1961,3.56,18.2,2.4,0.0,2,22.6,Credit Card
2466,4.58,22.66,0.17,0.0,0,22.83,Credit Card
4030,2.22,22.22,2.16,0.0,0,24.38,Cash
5156,4.56,29.92,0.82,1.5,0,32.24,Credit Card
662,1.46,9.86,1.48,0.0,1,12.34,Credit Card
1660,1.51,11.26,1.94,0.0,0,13.2,Credit Card
5258,1.93,23.51,1.4,0.0,0,24.91,Credit Card
1526,1.09,13.66,1.02,0.0,0,14.68,Cash
2690,1.78,16.8,3.12,0.0,0,19.92,Credit Card
4697,2.32,26.7,4.67,0.0,0,31.37,Credit Card
4202,3.91,26.14,2.74,0.0,1,29.88,Credit Card
1568,2.44,15.49,1.73,0.0,1,18.22,Credit Card
3582,2.87,19.11,1.25,0.0,1,21.36,Cash
2596,2.97,19.09,2.75,1.0,0,22.84,Credit Card
1550,0.82,9.35,1.55,0.0,0,10.9,Credit Card
1213,1.91,13.25,0.73,0.5,1,15.48,Mobile
547,3.49,13.41,2.33,0.0,1,16.74,Credit Card
4683,3.14,28.12,1.08,0.0,0,29.2,Credit Card
3594,3.36,20.95,2.39,0.0,0,23.34,Cash
3036,2.18,18.58,3.25,0.5,0,22.33,Credit Card
514,2.86,10.9,0.43,0.0,0,11.33,Credit Card
1318,1.73,11.65,1.93,0.0,0,13.58,Credit Card
2724,0.49,14.34,2.46,0.0,0,16.8,Cash
1811,3.6,15.8,2.19,0.0,0,17.99,Credit Card
2819,3.43,20.08,3.12,0.0,0,23.2,Credit Card
4132,1.12,21.88,0.47,0.0,0,22.35,Credit Card
1119,1.69,11.92,1.28,0.0,1,14.2,Credit Card
673,1.19,6.8,0.21,0.0,2,9.01,Cash
5360,4.34,30.59,5.72,0.0,0,36.31,No Charge
327,1.1,7.35,0.34,0.0,0,7.69,Cash
4472,3.19,27.99,1.3,0.0,0,29.29,Credit Card
2889,1.25,16.23,1.13,0.0,0,17.36,Credit Card
2306,5.8,23.47,4.21,0.0,0,27.68,Cash
934,3.21,12.61,1.15,0.0,0,13.76,Cash
5253,2.27,27.04,1.8,0.0,1,29.84,Cash
2463,0.99,13.72,0.42,0.0,2,16.14,Credit Card
1760,4.57,20.49,3.48,0.0,0,23.97,Credit Card
390,2.08,8.36,1.33,0.0,0,9.69,Credit Card
5073,0.83,23.97,0.57,0.0,0,24.54,Cash
4096,2.15,20.52,2.2,0.0,0,22.72,Credit Card
371,3.34,11.24,0.4,0.0,0,11.64,Cash
2365,3.09,19.12,3.45,0.0,0,22.57,Credit Card
3433,2.92,22.83,4.42,0.0,0,27.25,Credit Card
1892,2.78,16.55,1.06,0.0,0,17.61,Cash
4364,2.25,22.64,1.02,0.0,2,25.66,Credit Card
1562,3.56,17.05,0.16,0.0,0,17.21,Credit Card
797,1.36,10.88,1.22,0.0,2,14.1,Credit Card
2798,0.8,13.71,0.33,0.0,2,16.04,Cash
3547,1.79,15.63,2.5,0.0,0,18.13,Credit Card
4765,1.98,22.0,0.5,0.0,0,22.5,Cash
1372,1.06,8.67,1.41,0.0,0,10.08,Credit Card
4684,1.73,23.12,2.33,0.0,0,25.45,Credit Card
2384,0.64,12.12,0.29,0.0,0,12.41,Cash
1980,1.43,12.28,0.61,0.0,0,12.89,Credit Card
2938,3.24,18.31,1.98,0.0,0,20.29,Credit Card
658,1.05,7.67,0.77,0.0,0,8.44,Cash
1913,1.58,11.69,0.54,0.0,0,12.23,Credit Card
4594,3.11,23.79,0.34,0.0,0,24.13,Credit Card
3706,4.83,23.66,2.27,0.0,0,25.93,Mobile
1102,2.72,13.26,2.15,0.0,0,15.41,Cash
742,0.71,6.9,1.35,0.0,1,9.25,Credit Card
5298,1.82,24.83,2.68,0.0,0,27.51,Cash
2125,4.3,18.02,1.31,0.0,0,19.33,Cash
387,1.45,7.88,1.44,0.0,0,9.32,Credit Card
2028,2.85,15.03,0.6,0.0,1,16.63,Credit Card
4188,2.5,23.15,1.85,0.0,0,25.0,Mobile
2797,0.69,14.5,1.16,0.0,2,17.66,Cash
4890,1.41,21.55,1.01,0.0,0,22.56,Credit Card
1900,1.13,10.66,0.17,0.0,1,11.83,Credit Card
406,1.87,10.14,1.02,0.0,0,11.16,Credit Card
3110,2.99,23.03,1.9,0.0,2,26.93,Credit Card
1922,1.98,11.66,0.43,0.0,2,14.09,Cash
4894,3.56,28.5,4.04,0.0,1,33.54,Credit Card
354,0.83,5.72,0.58,0.0,0,6.3,Credit Card
4509,1.16,20.81,3.44,0.0,0,24.25,Cash
4012,1.94,22.78,3.07,0.0,0,25.85,Credit Card
4851,3.74,32.16,2.81,0.0,0,34.97,Credit Card
1718,1.36,13.18,0.85,0.0,0,14.03,Cash
2952,3.04,22.91,2.72,0.0,0,25.63,Credit Card
3343,0.91,14.09,1.99,0.0,0,16.08,Credit Card
647,3.69,13.02,0.69,0.0,0,13.71,Credit Card
126,7.61,21.22,2.35,0.0,1,24.57,Cash
4144,1.93,20.66,2.41,0.0,0,23.07,Mobile
4098,2.54,21.5,0.42,0.0,0,21.92,Mobile
2818,4.83,22.86,4.47,0.0,0,27.33,No Charge
887,4.56,18.19,1.3,0.0,1,20.49,Cash
3086,2.55,18.42,2.7,0.0,0,21.12,Credit Card
212,10.34,25.04,2.68,0.0,0,27.72,Credit Card
215,3.25,10.13,1.59,0.0,0,11.72,Credit Card
3997,2.38,20.33,1.05,1.0,0,22.38,Credit Card
3380,2.94,19.15,2.98,0.0,0,22.13,Credit Card
3888,2.55,22.78,3.03,0.0,1,26.81,Credit Card
813,2.38,9.32,0.02,0.0,1,10.34,Credit Card
3109,1.94,17.1,1.96,0.0,1,20.06,Cash
3656,6.59,30.17,1.88,0.0,0,32.05,Credit Card
2870,2.19,17.45,3.16,0.0,0,20.61,Cash
1228,2.47,12.13,0.16,0.0,1,13.29,Credit Card
5144,1.78,23.48,3.86,0.0,0,27.34,Cash
295,2.54,7.76,1.31,0.0,2,11.07,Cash
365,1.84,10.97,0.13,0.0,0,11.1,Credit Card
953,2.91,12.0,0.11,0.0,0,12.11,Cash
4807,1.86,24.43,1.61,0.0,0,26.04,Credit Card
2617,1.7,12.61,0.82,0.0,0,13.43,Credit Card
1768,1.27,10.95,0.06,0.0,0,11.01,Credit Card
1896,2.16,15.3,1.28,0.0,0,16.58,No Charge
2085,1.24,11.16,1.57,0.0,0,12.73,Mobile
3283,3.3,24.28,4.13,0.0,1,29.41,Credit Card
2329,1.78,15.43,0.13,0.0,0,15.56,Credit Card
1943,1.52,15.37,3.01,0.0,0,18.38,Credit Card
1568,2.71,14.39,2.29,0.0,0,16.68,Cash
4222,3.33,23.37,1.76,0.0,0,25.13,Credit Card
5208,2.13,27.97,5.08,0.0,0,33.05,Credit Card
4096,0.61,16.17,0.8,0.0,0,16.97,Credit Card
3787,1.31,19.72,0.32,0.0,0,20.04,Credit Card
2910,1.26,16.7,2.03,0.0,0,18.73,Credit Card
2504,1.56,15.92,0.1,0.0,0,16.02,Credit Card
3910,2.05,20.96,1.13,0.0,0,22.09,Cash
1936,2.69,15.65,2.76,0.0,0,18.41,No Charge
2828,1.94,16.95,3.15,0.0,3,23.1,Cash
3714,2.73,20.14,1.1,0.0,0,21.24,Credit Card
272,3.5,12.09,1.6,0.0,1,14.69,Credit Card
1687,2.38,14.0,2.21,0.5,0,16.71,Cash
534,4.64,13.62,0.19,0.0,0,13.81,Cash
1181,3.06,13.9,1.15,0.0,0,15.05,Credit Card
1310,0.99,10.51,1.29,0.0,0,11.8,Cash
1610,5.14,20.4,1.49,0.0,0,21.89,Cash
4921,5.81,35.04,6.3,0.0,0,41.34,Credit Card
1785,2.17,13.31,0.69,0.0,2,16.0,Credit Card
3239,6.25,26.52,4.39,0.0,0,30.91,Cash
4910,1.06,20.44,0.9,0.0,0,21.34,Credit Card
2281,3.18,16.96,1.36,0.0,1,19.32,Cash
1580,1.33,11.98,0.16,0.5,2,14.64,Cash
5037,2.1,24.41,0.45,0.0,0,24.86,Cash
2571,1.07,12.94,2.05,3.0,0,17.99,Credit Card
429,2.62,10.77,1.55,0.0,3,15.32,Credit Card
718,1.3,6.1,0.04,0.0,1,7.14,Credit Card
2584,4.69,24.97,3.33,0.0,0,28.3,Credit Card
249,1.36,6.52,1.22,0.0,3,10.74,Credit Card
1206,3.08,15.82,2.04,0.0,0,17.86,Credit Card
2565,1.19,14.95,0.14,0.0,0,15.09,Credit Card
173,1.14,4.91,0.47,0.0,0,5.38,Credit Card
4284,2.36,23.4,4.4,0.0,0,27.8,Mobile
285,5.4,16.07,0.87,0.0,0,16.94,Cash
1956,2.65,13.34,0.78,0.0,0,14.12,Credit Card
3426,1.84,17.03,0.85,0.0,0,17.88,Mobile
896,1.52,9.62,0.48,0.0,0,10.1,Mobile
3084,5.77,26.94,1.6,1.5,2,32.04,Cash
1444,1.05,9.65,0.95,0.0,0,10.6,Cash
4780,2.28,23.06,0.17,0.0,0,23.23,Cash
3264,6.34,30.79,1.91,0.0,2,34.7,Credit Card
2530,1.08,14.65,1.57,0.0,0,16.22,Credit Card
3813,2.69,22.73,3.16,0.0,0,25.89,Credit Card
4594,1.23,21.34,3.68,0.0,0,25.02,Cash
503,2.91,12.37,0.4,0.0,0,12.77,Credit Card
4314,4.98,30.75,0.44,0.0,0,31.19,Credit Card
4143,10.15,39.29,1.62,0.0,0,40.91,Mobile
2534,4.71,21.63,0.93,0.0,0,22.56,Cash
1226,2.69,13.92,2.44,0.0,1,17.36,Credit Card
3002,1.87,18.09,1.72,0.0,0,19.81,Credit Card
2026,1.4,10.69,1.2,0.0,0,11.89,Cash
1894,0.84,10.61,0.09,0.0,0,10.7,Credit Card
3066,4.45,23.66,1.55,0.0,5,30.21,Cash
4174,0.62,20.77,3.31,0.0,0,24.08,Cash
3114,3.51,22.38,2.43,0.0,1,25.81,Cash
3216,2.47,22.05,2.15,0.0,1,25.2,Cash
1244,6.32,18.5,2.69,0.0,1,22.19,Credit Card
3627,1.9,17.62,2.21,0.0,1,20.83,Credit Card
4539,3.72,25.47,3.49,0.0,2,30.96,Cash
3546,4.21,24.85,4.46,0.0,1,30.31,Credit Card
2754,3.17,21.99,3.15,0.0,2,27.14,Credit Card
1727,1.94,12.93,0.55,0.0,0,13.48,Credit Card
4078,2.23,20.71,2.95,0.0,3,26.66,Credit Card
4504,0.79,18.14,1.14,0.0,0,19.28,Credit Card
4010,3.06,25.35,4.61,0.0,0,29.96,Credit Card
3893,2.9,25.76,2.78,0.0,0,28.54,Credit Card
3559,1.25,17.06,1.06,0.0,0,18.12,Credit Card
1019,2.6,11.3,0.25,0.0,0,11.55,Cash
784,3.51,14.0,1.24,0.0,1,16.24,Credit Card
3422,2.34,21.33,0.64,0.0,0,21.97,Cash
1270,0.74,9.62,1.24,0.0,0,10.86,Credit Card
3906,5.71,28.35,5.45,0.0,0,33.8,Cash
277,1.76,8.11,1.15,0.0,0,9.26,Credit Card
1494,2.61,11.86,0.86,0.0,1,13.72,Mobile
1782,0.85,12.39,1.81,0.0,0,14.2,Credit Card
506,0.87,8.08,0.3,0.0,2,10.38,Cash
284,1.63,6.17,1.0,0.0,0,7.17,Cash
82,1.83,7.38,0.59,0.0,0,7.97,Credit Card
2585,1.89,14.3,0.88,0.0,0,15.18,Credit Card
4001,1.75,20.77,0.0,0.0,1,21.77,Credit Card
4817,3.12,24.15,3.78,0.0,0,27.93,Credit Card
4424,2.8,23.97,0.3,0.0,0,24.27,Cash
2544,4.9,24.92,4.17,0.0,0,29.09,Credit Card
3927,3.08,26.19,4.67,5.0,0,35.86,Cash
4253,1.66,19.49,1.42,0.0,0,20.91,Cash
664,2.71,12.66,2.13,0.0,0,14.79,Credit Card
894,3.7,13.62,2.13,0.0,0,15.75,Credit Card
3472,7.72,33.04,1.42,0.0,0,34.46,Cash
791,1.56,10.48,0.58,0.0,0,11.06,Credit Card
2933,3.52,21.43,2.2,0.0,0,23.63,Credit Card
761,1.57,8.08,0.76,0.0,0,8.84,Credit Card
4536,2.88,24.83,4.3,0.0,1,30.13,Credit Card
4576,1.18,20.5,1.35,0.0,0,21.85,Credit Card
1873,3.8,14.83,1.91,1.0,0,17.74,Credit Card
1762,1.65,12.0,1.58,0.0,2,15.58,Credit Card
97,1.83,7.45,0.17,0.0,0,7.62,Cash
1052,6.45,21.26,2.32,0.0,0,23.58,Credit Card
1548,3.79,17.14,3.27,0.0,0,20.41,Credit Card
593,0.75,8.55,0.57,0.0,0,9.12,Cash
4669,1.41,20.81,1.09,0.0,1,22.9,Credit Card
4534,2.17,22.92,1.86,0.0,2,26.78,Credit Card
4055,2.11,18.68,3.33,0.0,0,22.01,Cash
3943,1.57,20.12,1.41,0.0,2,23.53,Cash
2801,2.01,17.46,3.35,0.0,0,20.81,Credit Card
3965,2.83,24.48,2.2,0.0,0,26.68,Cash
4674,5.48,30.11,2.47,0.0,0,32.58,Cash
4968,1.09,23.26,2.91,0.0,1,27.17,Cash
1105,1.73,13.28,1.28,0.0,0,14.56,Credit Card
4222,3.75,25.19,0.17,0.0,0,25.36,Cash
2639,5.25,24.25,1.9,0.0,0,26.15,Mobile
2561,3.48,19.87,1.41,0.0,0,21.28,Cash
268,0.81,5.24,1.01,0.0,0,6.25,Cash
4562,1.47,21.49,1.98,1.0,0,24.47,Cash
2937,1.04,13.79,0.92,1.0,0,15.71,Credit Card
2875,2.43,19.6,1.4,0.0,1,22.0,Cash
4916,4.14,29.6,0.27,0.0,3,32.87,Credit Card
3391,0.85,19.07,2.17,0.0,0,21.24,Credit Card
1216,0.55,8.51,0.58,0.0,0,9.09,Mobile
4724,0.8,19.79,2.1,0.0,0,21.89,Credit Card
2464,1.59,11.56,1.1,0.0,0,12.66,Cash
1998,3.64,17.66,1.81,0.0,0,19.47,Credit Card
1827,1.22,15.16,1.09,1.0,0,17.25,Credit Card
5147,0.89,23.47,1.2,0.0,3,27.67,Credit Card
4535,1.87,22.22,1.88,0.0,0,24.1,Cash
5339,1.55,23.63,4.52,0.0,0,28.15,Credit Card
3778,2.62,22.47,0.04,0.0,0,22.51,Credit Card
1487,4.41,17.78,1.94,0.0,0,19.72,Credit Card
2635,1.27,16.36,1.33,0.0,0,17.69,Credit Card
1068,2.31,11.78,0.75,0.0,0,12.53,Credit Card
802,1.08,7.85,0.66,0.0,0,8.51,Credit Card
1489,1.53,8.56,0.4,0.0,0,8.96,Credit Card
2983,1.05,14.31,0.62,0.0,0,14.93,Cash
1438,1.59,12.36,0.9,0.0,0,13.26,Credit Card
2029,1.63,16.38,1.26,0.0,1,18.64,Credit Card
2248,2.52,15.68,2.42,0.0,0,18.1,Credit Card
1785,1.99,13.37,1.6,0.0,0,14.97,Credit Card
3087,1.43,17.85,0.33,0.0,0,18.18,Credit Card
1411,1.07,11.32,1.59,0.0,2,14.91,Cash
4907,7.52,37.56,4.58,0.0,3,45.14,Credit Card
1287,2.13,12.54,1.39,0.0,1,14.93,Cash
2202,1.02,12.98,0.52,0.0,0,13.5,Credit Card
3371,3.94,25.64,0.11,0.0,3,28.75,Cash
4064,0.91,21.82,2.27,0.5,2,26.59,Credit Card
2824,2.95,19.62,3.87,0.0,0,23.49,Cash
882,3.61,13.54,1.43,0.0,0,14.97,Credit Card
1659,1.42,14.7,1.33,0.0,0,16.03,Credit Card
3316,5.16,27.29,0.76,0.0,1,29.05,Credit Card
4740,17.53,57.15,2.7,0.0,0,59.85,Credit Card
1649,1.46,10.68,0.19,0.0,0,10.87,Credit Card
1249,2.67,15.74,2.39,0.0,0,18.13,Cash
1856,1.35,11.8,2.19,0.0,3,16.99,Credit Card
2821,1.47,13.68,1.9,0.0,0,15.58,Cash
4533,2.1,25.63,2.1,0.0,0,27.73,Credit Card
4559,2.95,26.5,1.42,0.0,0,27.92,Credit Card
1888,1.55,15.61,0.05,0.0,0,15.66,Cash
3142,1.71,18.81,3.67,0.0,0,22.48,Cash
3463,2.49,18.41,1.37,1.5,0,21.28,Credit Card
5285,4.41,30.76,0.32,0.0,1,32.08,Mobile
3103,2.64,20.54,1.78,0.0,1,23.32,Cash
5349,1.08,22.49,0.78,0.0,0,23.27,Cash
177,2.41,7.42,1.29,0.0,0,8.71,Credit Card
454,0.99,6.43,1.04,0.0,0,7.47,Credit Card
1451,3.28,16.97,1.51,0.0,2,20.48,Cash
1262,1.96,12.69,0.02,1.5,0,14.21,Cash
1603,1.64,12.94,2.55,0.0,1,16.49,Cash
1841,1.45,9.96,0.13,0.0,1,11.09,Mobile
1633,2.69,12.13,2.09,0.0,0,14.22,Credit Card
2090,2.32,11.73,1.98,0.0,1,14.71,Credit Card
2502,2.43,17.9,2.24,0.0,0,20.14,Credit Card
5392,2.32,29.73,3.02,0.0,0,32.75,Credit Card
2998,1.86,17.41,1.97,0.0,0,19.38,Credit Card
1474,1.77,12.18,0.74,0.0,0,12.92,Credit Card
2956,2.64,16.38,3.07,0.0,0,19.45,Mobile
1418,2.17,13.15,0.82,0.0,0,13.97,Cash
522,4.06,13.8,0.72,0.0,0,14.52,Credit Card
4451,1.18,23.38,0.69,0.0,2,26.07,Cash
461,1.89,8.49,1.44,0.0,0,9.93,Credit Card
3831,2.13,21.5,2.38,0.0,0,23.88,Cash
3906,1.79,19.22,2.22,1.0,1,23.44,Credit Card
2749,1.56,18.58,2.17,0.0,0,20.75,Credit Card
2549,2.04,18.51,0.47,0.0,0,18.98,Credit Card
4940,2.26,25.08,0.78,0.0,1,26.86,Credit Card
2237,3.14,16.41,1.23,0.0,0,17.64,Cash
400,1.7,9.49,0.35,0.0,0,9.84,Cash
1589,1.66,12.87,2.5,0.0,2,17.37,Credit Card
4071,1.17,21.94,2.52,0.0,0,24.46,Credit Card
699,2.99,9.19,1.28,0.0,0,10.47,Cash
2805,4.91,22.12,3.24,0.0,1,26.36,Cash
723,2.59,12.44,2.01,0.0,1,15.45,Credit Card
419,1.35,9.79,0.58,0.0,0,10.37,Credit Card
1881,1.26,13.54,1.99,0.0,0,15.53,Credit Card
4318,1.14,21.5,1.99,0.0,0,23.49,Credit Card
4453,2.13,23.06,2.13,0.0,0,25.19,Credit Card
4943,0.79,23.19,4.16,0.0,0,27.35,Cash
416,8.78,27.15,0.77,0.0,0,27.92,Credit Card
402,1.62,9.8,0.66,0.0,0,10.46,Cash
3209,3.28,22.17,2.62,0.0,0,24.79,Cash
3624,4.09,21.98,3.04,0.0,3,28.02,Credit Card
3288,1.22,15.37,2.88,0.0,0,18.25,Cash
665,2.89,10.51,1.32,0.0,0,11.83,Credit Card
1245,1.29,7.92,0.28,0.0,1,9.2,Credit Card
738,2.78,11.01,0.47,0.0,0,11.48,Cash
1213,1.04,11.88,2.35,0.0,0,14.23,Mobile
2914,0.63,14.99,0.32,0.0,0,15.31,Credit Card
4022,1.68,19.21,2.17,0.0,0,21.38,Credit Card
140,2.44,10.6,0.6,0.0,0,11.2,Credit Card
3267,2.77,23.17,2.91,0.0,1,27.08,Cash
520,2.26,9.19,1.1,0.0,0,10.29,Cash
2500,1.49,18.8,3.4,0.0,2,24.2,Credit Card
3799,3.22,23.18,0.9,0.0,2,26.08,Credit Card
891,1.02,10.36,1.34,0.0,0,11.7,Credit Card
2035,1.21,15.91,1.48,0.0,2,19.39,Credit Card
1547,1.54,12.66,2.31,0.0,2,16.97,Credit Card
5118,1.68,24.64,4.66,0.0,3,32.3,Credit Card
2378,2.32,17.2,2.02,0.0,3,22.22,Credit Card
3641,2.91,21.93,1.77,0.0,0,23.7,Cash
545,2.09,9.6,1.27,0.0,0,10.87,Cash
3051,2.73,17.65,2.99,0.0,0,20.64,Credit Card
569,1.28,4.9,0.4,0.5,0,5.8,Cash
1204,1.83,9.72,1.55,0.0,0,11.27,Credit Card
2137,2.24,15.85,3.0,0.0,0,18.85,Credit Card
772,1.49,7.98,1.21,0.0,0,9.19,Cash
4202,4.05,27.95,0.64,0.0,3,31.59,Credit Card
3414,1.95,20.81,1.19,0.0,0,22.0,Cash
4788,1.82,23.06,2.24,0.0,0,25.3,Mobile
2814,5.58,25.0,0.88,0.0,0,25.88,Credit Card
5075,1.84,24.49,3.9,0.0,0,28.39,Credit Card
4981,1.83,26.15,2.06,0.0,2,30.21,Cash
2562,0.64,12.03,1.75,0.0,0,13.78,Credit Card
1610,1.7,13.46,0.62,0.0,0,14.08,Mobile
3939,1.16,19.47,2.63,0.0,0,22.1,Credit Card
3402,1.87,17.24,3.44,0.0,0,20.68,Credit Card
5241,2.85,26.51,1.2,0.0,0,27.71,Credit Card
2611,0.47,10.03,0.2,0.0,0,10.23,Credit Card
4177,0.95,18.33,3.52,0.0,0,21.85,Cash
1000,2.77,12.39,0.8,0.0,0,13.19,Cash
3973,1.37,18.94,0.86,0.0,0,19.8,Mobile
5334,1.11,24.35,1.44,3.0,0,28.79,Credit Card
5092,5.02,28.38,5.25,0.0,0,33.63,Credit Card
2036,0.89,10.83,1.61,0.0,1,13.44,Credit Card
610,2.3,9.38,0.63,0.5,0,10.51,Credit Card
1356,0.93,8.22,0.11,0.0,0,8.33,Mobile
4708,1.86,21.86,0.25,0.0,0,22.11,Mobile
1524,1.33,12.17,0.2,0.0,2,14.37,Credit Card
1853,2.36,13.36,0.51,0.0,0,13.87,Credit Card
3369,2.9,20.64,2.54,0.0,0,23.18,Cash
1752,1.43,14.29,0.96,0.0,0,15.25,Credit Card
2437,4.94,25.36,1.14,0.0,0,26.5,Cash
2021,2.94,18.81,2.68,0.5,0,21.99,Cash
4345,3.12,27.83,2.13,0.0,0,29.96,Cash
3725,1.59,19.03,1.63,0.0,1,21.66,Credit Card
1596,3.14,17.16,0.96,0.0,0,18.12,Credit Card
4605,0.74,21.0,3.53,0.0,0,24.53,Credit Card
2548,1.13,16.99,1.65,0.0,0,18.64,Credit Card
782,2.8,13.04,0.07,0.0,0,13.11,Credit Card
3965,2.09,18.98,2.15,0.0,0,21.13,Cash
272,1.6,6.01,0.78,0.0,1,7.79,Credit Card
448,8.17,24.36,4.71,0.0,1,30.07,Credit Card
105,0.88,3.25,0.58,0.0,0,3.83,Credit Card
3448,3.11,20.83,3.91,0.0,0,24.74,Credit Card
4697,2.74,23.66,0.7,0.0,1,25.36,Cash
975,1.26,10.71,0.75,0.0,0,11.46,Cash
1729,2.29,15.54,0.74,0.0,0,16.28,Credit Card
4561,1.56,19.06,2.56,1.0,0,22.62,Credit Card
3127,0.51,16.02,0.7,0.0,0,16.72,Credit Card
1970,1.0,11.77,1.91,0.0,0,13.68,Credit Card
2548,3.44,21.36,3.88,0.0,0,25.24,Credit Card
3056,2.19,19.19,0.17,0.0,0,19.36,Credit Card
5197,2.72,29.44,4.29,0.0,0,33.73,Cash
2308,1.92,17.78,2.5,0.0,1,21.28,Credit Card
2532,2.64,17.65,0.92,0.0,0,18.57,Cash
5256,1.67,24.65,4.45,0.0,1,30.1,Credit Card
1204,1.09,8.46,0.23,0.0,1,9.69,Cash
2925,3.26,20.62,3.43,0.0,0,24.05,Credit Card
250,1.11,6.43,0.05,0.0,2,8.48,Cash
361,1.92,7.6,0.51,0.0,0,8.11,Credit Card
549,1.62,8.5,1.38,0.0,0,9.88,Mobile
3201,6.42,27.99,5.01,0.0,0,33.0,Cash
2745,1.37,14.13,0.22,0.0,0,14.35,Credit Card
2966,2.02,17.52,1.29,0.0,0,18.81,Cash
5264,3.15,28.52,2.32,0.0,0,30.84,Credit Card
3060,2.46,20.33,0.77,0.0,2,23.1,Cash
4681,3.98,24.35,0.53,0.0,0,24.88,Mobile
2568,2.55,15.44,0.16,0.0,0,15.6,Mobile
3470,3.36,23.18,1.96,0.0,0,25.14,Credit Card
4163,6.0,30.84,3.3,5.0,0,39.14,Credit Card
4744,1.01,18.01,1.16,0.0,2,21.17,Cash
529,2.88,11.93,0.89,0.0,1,13.82,Credit Card
2200,4.15,20.52,3.59,0.0,0,24.11,Credit Card
2668,0.61,14.31,2.8,0.0,0,17.11,Credit Card
4449,4.94,28.44,5.17,0.0,1,34.61,Credit Card
3665,3.69,21.8,3.6,0.0,0,25.4,Credit Card
4776,0.71,21.5,1.58,0.0,0,23.08,Credit Card
3867,3.84,26.35,0.83,0.5,0,27.68,Cash
4697,1.81,24.16,2.06,0.0,0,26.22,Cash
868,3.46,13.88,1.64,0.0,1,16.52,Credit Card
3080,3.15,19.47,1.14,0.0,0,20.61,Credit Card
3503,1.15,18.42,0.09,0.0,0,18.51,Cash
435,2.26,8.78,0.53,0.0,2,11.31,Credit Card
1806,2.37,17.1,1.26,0.0,0,18.36,Credit Card
3244,1.23,19.27,3.61,0.0,0,22.88,Credit Card
4323,3.61,24.77,1.21,0.0,0,25.98,Mobile
5367,1.06,24.42,3.42,0.0,0,27.84,Cash
1098,4.0,14.3,2.32,0.0,2,18.62,Cash
597,6.26,19.3,3.07,0.0,0,22.37,Cash
5321,1.98,25.92,5.0,0.0,0,30.92,Cash
1355,1.93,11.22,0.33,0.0,0,11.55,Mobile
4033,1.72,21.67,2.16,0.0,0,23.83,Cash
188,1.76,8.05,0.33,0.0,0,8.38,Cash
1419,1.22,10.46,1.62,0.0,0,12.08,Credit Card
1187,2.16,13.23,1.86,1.0,2,18.09,Cash
3474,1.35,19.25,0.42,0.0,1,20.67,Credit Card
1215,2.02,13.27,0.42,0.0,0,13.69,Cash
1106,1.2,9.54,0.55,0.0,2,12.09,Credit Card
4948,2.23,25.35,2.26,0.0,0,27.61,Credit Card
2523,1.47,15.07,2.68,0.0,0,17.75,Credit Card
2705,1.22,13.0,0.92,0.0,0,13.92,Cash
1894,1.21,12.9,1.0,0.0,0,13.9,Credit Card
1379,2.81,11.53,0.93,0.0,0,12.46,Credit Card
3460,0.88,15.72,2.06,0.0,0,17.78,Credit Card
2873,2.69,19.54,2.85,0.0,0,22.39,Mobile
4507,2.08,22.32,1.33,0.0,0,23.65,Credit Card
4872,3.43,27.35,3.45,0.0,3,33.8,Cash
1170,2.53,14.73,2.94,0.0,2,19.67,Cash
5352,1.1,23.92,2.4,0.0,0,26.32,Credit Card
2368,2.45,16.45,1.17,0.0,1,18.62,Credit Card
5300,1.99,24.99,3.15,0.0,0,28.14,Cash
2101,1.53,15.29,0.22,0.0,0,15.51,Credit Card
4028,0.99,21.4,3.69,0.0,0,25.09,Credit Card
4767,5.23,31.34,1.04,0.0,0,32.38,Cash
2885,3.63,19.01,0.09,0.0,0,19.1,Credit Card
2730,1.45,15.86,1.84,0.0,0,17.7,Credit Card
4467,2.56,23.68,4.33,1.5,0,29.51,Mobile
1529,2.35,10.37,0.0,0.0,1,11.37,No Charge
4719,1.48,22.62,2.7,0.0,0,25.32,Credit Card
5387,1.62,25.47,3.3,0.0,2,30.77,No Charge
3316,1.33,17.99,0.46,0.0,0,18.45,Credit Card
2213,1.26,13.08,0.58,0.0,0,13.66,Mobile
4723,1.43,23.33,4.33,0.0,0,27.66,Credit Card
1202,3.15,13.57,0.4,0.0,1,14.97,Credit Card
1584,0.97,10.36,1.49,0.0,1,12.85,Cash
4507,3.74,25.22,2.02,0.0,0,27.24,Mobile
2601,2.81,16.77,3.07,0.0,0,19.84,Cash
2297,8.32,27.69,4.21,0.0,0,31.9,Credit Card
5156,2.91,27.47,2.19,0.0,0,29.66,Credit Card
2972,1.72,18.58,3.37,0.0,0,21.95,No Charge
927,1.41,8.21,0.34,0.0,0,8.55,Credit Card
909,1.06,11.26,1.38,0.0,2,14.64,Cash
787,1.56,10.75,2.09,0.0,2,14.84,Cash
2039,3.59,16.7,0.99,0.0,0,17.69,Credit Card
4603,1.79,24.82,3.09,0.0,1,28.91,Cash
3289,2.29,19.93,2.26,0.0,0,22.19,Credit Card
2001,1.72,10.7,0.98,0.0,1,12.68,Credit Card
1013,0.45,8.92,1.16,0.0,0,10.08,Cash
4154,8.87,36.34,5.91,0.0,0,42.25,Credit Card
3369,1.06,14.8,2.31,0.0,0,17.11,Credit Card
4083,4.24,26.46,4.24,0.0,0,30.7,Cash
4615,2.93,22.65,1.39,0.0,3,27.04,Credit Card
818,1.66,10.67,0.11,0.0,1,11.78,Credit Card
2089,0.83,11.93,2.03,0.0,0,13.96,Credit Card
254,0.64,6.55,0.81,0.0,1,8.36,Cash
1186,4.31,15.63,1.7,0.0,2,19.33,Credit Card
985,1.69,12.05,1.3,0.0,1,14.35,Credit Card
312,1.06,6.67,1.08,0.0,0,7.75,Mobile
1221,0.87,8.43,0.3,0.0,0,8.73,Cash
885,1.93,10.21,0.91,0.0,2,13.12,No Charge
508,1.66,8.75,0.93,0.0,0,9.68,Credit Card
4308,1.25,21.57,2.77,0.0,0,24.34,Credit Card
2827,4.79,23.32,1.22,0.0,0,24.54,Credit Card
1540,3.4,15.44,0.56,0.0,3,19.0,Credit Card
2245,1.23,13.49,0.64,0.0,3,17.13,Credit Card
544,3.19,12.8,1.11,0.0,0,13.91,Cash
120,2.93,10.72,1.32,0.0,0,12.04,Credit Card
4175,5.25,30.42,0.75,0.0,0,31.17,Credit Card
954,2.59,9.95,0.54,0.0,1,11.49,Cash
4201,3.64,24.03,0.78,0.0,0,24.81,Credit Card
3845,5.17,27.52,2.93,0.0,0,30.45,Credit Card
2181,2.96,18.8,1.23,0.0,0,20.03,Cash
3016,1.82,16.97,2.21,0.0,0,19.18,Credit Card
1775,0.78,10.61,0.1,0.0,0,10.71,Cash
1400,4.63,19.89,0.32,0.0,1,21.21,Credit Card
196,0.79,9.23,0.77,1.5,0,11.5,Credit Card
5363,3.22,30.36,2.35,0.0,5,37.71,Credit Card
2605,2.75,13.97,1.78,0.0,1,16.75,Credit Card
262,3.25,8.26,0.96,0.0,1,10.22,Credit Card
314,3.91,14.05,1.8,0.0,1,16.85,Credit Card
4787,0.85,22.46,1.65,0.0,0,24.11,Mobile
5350,1.91,20.81,1.78,0.0,0,22.59,Cash
2340,2.07,13.97,2.6,0.0,2,18.57,Credit Card
1570,5.73,22.46,1.58,0.0,0,24.04,Mobile
4274,0.68,21.1,0.62,0.0,0,21.72,Credit Card
4707,1.08,20.55,1.68,0.0,0,22.23,Credit Card
883,1.86,10.75,2.1,0.0,2,14.85,Cash
4249,2.16,21.43,1.26,0.0,1,23.69,Credit Card
515,5.47,17.26,0.07,0.0,2,19.33,Cash
1916,1.01,12.73,0.6,0.0,1,14.33,Cash
718,0.93,6.05,0.71,0.0,2,8.76,Credit Card
4600,1.66,21.97,1.87,0.0,0,23.84,Credit Card
2565,2.14,17.12,1.26,0.0,0,18.38,Mobile
2881,0.71,13.0,2.27,0.0,0,15.27,Credit Card
3983,1.5,19.85,1.68,0.0,0,21.53,Credit Card
4834,2.69,27.09,2.43,0.0,0,29.52,Credit Card
858,4.39,18.76,0.24,0.0,0,19.0,Credit Card
4304,0.74,19.98,3.82,0.0,0,23.8,Credit Card
2776,6.03,25.58,2.93,0.0,0,28.51,Credit Card
1227,1.6,10.08,1.0,0.0,0,11.08,Credit Card
1209,1.26,7.55,0.27,0.0,0,7.82,Credit Card
4980,3.19,27.51,3.46,0.0,0,30.97,Credit Card
5008,5.05,34.36,0.0,0.0,0,34.36,Credit Card
1894,1.27,13.25,1.8,0.0,0,15.05,Credit Card
3940,2.55,23.94,0.32,0.0,0,24.26,Credit Card
3846,1.05,18.07,3.51,0.0,0,21.58,Credit Card
4599,0.47,19.92,1.98,0.0,0,21.9,Credit Card
1533,3.75,15.93,2.36,0.0,0,18.29,Cash
2255,2.69,21.37,2.06,0.0,0,23.43,Credit Card
1942,2.98,15.64,0.04,0.0,0,15.68,Credit Card
312,1.57,10.36,0.8,0.0,0,11.16,Credit Card
155,1.77,6.7,0.48,0.5,0,7.68,Credit Card
564,0.74,5.71,0.16,0.0,0,5.87,Cash
2907,3.61,17.85,2.7,0.0,0,20.55,Cash
834,2.7,10.72,1.08,0.0,2,13.8,Mobile
1460,1.67,11.75,1.73,0.0,0,13.48,Credit Card
420,2.35,11.18,0.36,0.0,0,11.54,Credit Card
558,3.07,13.57,1.83,0.0,0,15.4,Credit Card
2615,2.14,14.43,2.54,0.0,1,17.97,Credit Card
207,2.45,10.85,0.11,0.0,0,10.96,Cash
2551,1.63,14.75,0.4,0.0,1,16.15,Credit Card
1545,2.48,14.08,2.45,0.0,1,17.53,Credit Card
2312,11.91,37.68,4.92,0.0,3,45.6,Credit Card
3686,1.47,19.02,0.77,0.0,1,20.79,Credit Card
3089,3.92,22.62,3.7,0.0,0,26.32,Cash
4452,5.11,24.93,0.55,0.0,0,25.48,Credit Card
596,0.92,9.41,1.25,0.0,0,10.66,Credit Card
3154,2.54,18.53,3.56,0.0,0,22.09,No Charge
4958,1.52,20.81,0.22,0.0,5,26.03,Credit Card
1207,1.67,12.26,1.86,1.5,2,17.62,Credit Card
4034,3.22,23.59,2.45,0.0,0,26.04,Cash
69,3.27,8.37,0.36,0.0,2,10.73,Credit Card
3734,5.36,26.94,4.0,0.0,2,32.94,Mobile
3105,2.92,20.17,1.16,0.0,0,21.33,Credit Card
340,2.82,11.86,1.32,0.0,0,13.18,Credit Card
2281,2.38,15.94,0.04,0.0,3,18.98,Credit Card
4669,1.41,19.67,3.84,0.0,1,24.51,Cash
2462,1.34,16.54,1.08,0.0,2,19.62,Credit Card
2153,2.46,13.6,2.17,0.0,0,15.77,Cash
4570,0.67,17.69,2.59,0.0,2,22.28,Cash
1305,2.66,15.79,1.18,0.0,1,17.97,Credit Card
336,1.69,11.53,2.17,0.0,0,13.7,Credit Card
819,1.65,11.98,2.29,0.0,0,14.27,Mobile
903,1.69,9.6,0.35,0.0,0,9.95,Credit Card
5067,3.13,28.23,3.45,0.0,1,32.68,Credit Card
3367,0.43,15.35,2.69,0.0,0,18.04,Credit Card
1010,2.32,13.88,1.73,0.0,1,16.61,Mobile
70,2.1,12.53,0.89,0.0,5,18.42,Cash
4169,0.76,17.26,2.69,0.0,0,19.95,Credit Card
2642,1.8,15.26,2.06,0.0,2,19.32,Credit Card
161,1.2,7.51,1.04,0.0,1,9.55,Credit Card
704,1.22,8.8,0.73,0.0,0,9.53,Mobile
1257,3.18,13.23,1.89,0.0,0,15.12,Credit Card
3948,0.7,17.06,2.94,1.5,0,21.5,Credit Card
3617,0.79,17.66,2.83,0.0,0,20.49,Mobile
789,4.39,16.21,2.74,0.0,0,18.95,Credit Card
3366,0.59,14.08,2.43,0.0,0,16.51,Credit Card
4394,1.43,22.64,2.43,0.0,2,27.07,Credit Card
4889,4.47,27.55,0.7,0.0,0,28.25,No Charge
3125,2.03,17.18,2.31,0.0,0,19.49,Credit Card
2242,2.08,15.05,1.89,0.0,2,18.94,Cash
4846,4.2,28.7,4.5,0.0,0,33.2,Credit Card
5095,3.04,24.5,4.54,0.0,0,29.04,Credit Card
785,3.65,12.68,0.4,0.0,0,13.08,Cash
2262,1.15,13.52,2.46,0.0,0,15.98,Credit Card
1417,1.17,11.68,1.28,0.0,1,13.96,Credit Card
4455,2.02,21.39,4.11,0.0,0,25.5,Credit Card
3030,8.33,30.94,0.78,0.0,2,33.72,Cash
4370,1.12,23.37,0.48,0.0,0,23.85,Cash
1190,1.88,8.3,1.54,0.0,0,9.84,Credit Card
1661,2.43,12.5,1.31,0.0,0,13.81,Mobile
2591,2.14,17.77,2.25,0.0,3,23.02,Mobile
1763,1.41,10.45,1.74,0.0,0,12.19,Credit Card
1393,2.5,14.13,2.65,0.0,0,16.78,Cash
1735,1.41,12.23,0.96,0.0,0,13.19,Cash
2284,2.36,17.04,3.08,0.0,0,20.12,Credit Card
2568,1.08,15.93,3.17,0.0,0,19.1,Credit Card
3643,1.77,18.5,1.6,0.0,0,20.1,Credit Card
4402,2.09,23.59,1.98,0.0,0,25.57,Credit Card
2731,0.75,13.81,1.75,0.0,0,15.56,Credit Card
4066,1.19,20.77,2.91,0.0,0,23.68,Credit Card
4905,5.9,32.32,4.4,0.0,0,36.72,Cash
5082,1.96,25.58,3.1,0.0,0,28.68,Cash
3612,2.64,21.52,3.63,0.0,0,25.15,Credit Card
1346,4.06,16.2,1.88,0.0,0,18.08,Credit Card
1743,2.91,18.4,0.35,0.0,0,18.75,Cash
4752,1.37,22.09,3.51,0.0,0,25.6,Cash
4075,2.63,21.31,0.07,0.0,2,23.38,Cash
763,3.31,14.04,1.12,0.0,0,15.16,Credit Card
1591,2.83,14.98,2.74,0.0,1,18.72,Credit Card
3383,1.08,17.03,2.79,3.0,0,22.82,Credit Card
5275,1.41,24.4,2.54,0.0,0,26.94,Credit Card
4373,1.04,19.28,3.77,0.0,3,26.05,Credit Card
515,1.34,7.28,1.46,0.0,0,8.74,Credit Card
1365,0.79,7.13,0.58,0.0,0,7.71,Credit Card
2386,1.47,13.17,2.55,0.0,1,16.72,Cash
914,8.36,26.55,2.12,0.0,0,28.67,Mobile
1555,2.41,13.52,2.2,1.5,0,17.22,Credit Card
3570,3.16,22.62,2.66,0.0,0,25.28,Cash
3496,1.55,18.66,0.17,0.0,0,18.83,Credit Card
4771,0.98,21.69,2.59,0.0,0,24.28,Cash
4528,2.03,22.23,3.41,0.0,0,25.64,Cash
1207,0.49,7.17,0.81,0.0,0,7.98,Credit Card
5208,1.54,25.35,4.08,0.0,0,29.43,Credit Card
3093,2.42,19.51,1.16,0.0,0,20.67,Credit Card
2342,5.7,25.49,0.57,0.0,0,26.06,Credit Card
1944,1.59,11.2,2.16,0.0,0,13.36,Credit Card
3372,6.55,31.43,4.63,0.0,1,37.06,Credit Card
4048,1.27,20.41,3.15,0.0,0,23.56,Cash
5023,4.22,28.37,1.32,0.0,0,29.69,Credit Card
2280,1.09,12.33,2.38,0.0,0,14.71,Cash
2937,1.76,17.48,0.49,0.0,0,17.97,Cash
4703,1.78,23.61,4.16,0.0,0,27.77,Credit Card
729,1.86,8.22,1.2,0.0,0,9.42,Cash
948,1.15,8.89,1.64,0.0,0,10.53,Cash
4274,2.18,23.4,4.22,0.0,0,27.62,Credit Card
398,1.04,5.09,0.32,0.0,0,5.41,Credit Card
5352,1.97,27.74,5.12,0.0,0,32.86,Credit Card
2932,2.29,19.57,1.88,0.0,1,22.45,Credit Card
64,3.88,11.18,1.56,0.0,0,12.74,Credit Card
1262,1.45,10.69,0.2,0.0,5,15.89,Credit Card
3132,2.04,17.95,3.51,0.0,0,21.46,Credit Card
1490,0.9,10.62,0.82,0.0,2,13.44,Credit Card
4356,4.0,29.07,3.14,0.0,0,32.21,Credit Card
1310,4.38,16.06,0.5,0.0,1,17.56,Credit Card
3672,1.46,17.75,1.28,0.0,0,19.03,No Charge
234,4.08,12.01,1.66,0.0,0,13.67,Credit Card
4563,2.89,26.9,4.13,0.0,2,33.03,Credit Card
5171,2.48,27.62,2.41,0.0,0,30.03,Cash
3705,5.63,28.27,2.26,0.0,0,30.53,Credit Card
3868,0.68,19.34,3.46,0.0,0,22.8,Cash
1642,1.42,14.49,1.33,0.0,1,16.82,Credit Card
2559,2.47,19.68,0.4,0.0,2,22.08,Cash
2624,2.96,19.13,2.4,0.0,0,21.53,Credit Card
1110,2.21,12.99,0.94,0.0,0,13.93,Credit Card
4842,2.42,26.31,1.37,0.0,0,27.68,Cash
4844,2.08,25.17,2.89,0.0,0,28.06,Cash
939,4.45,17.5,1.34,1.5,0,20.34,Credit Card
856,2.5,10.11,0.04,0.0,0,10.15,Credit Card
531,2.91,11.86,1.2,0.0,0,13.06,Credit Card
962,1.98,11.05,0.96,0.0,1,13.01,Credit Card
1412,2.36,15.81,1.67,0.0,1,18.48,Credit Card
648,1.42,7.81,1.36,0.0,0,9.17,Credit Card
3915,3.07,23.96,3.08,0.0,0,27.04,Credit Card
5024,2.11,21.4,0.78,0.0,0,22.18,Credit Card
359,0.49,5.04,0.64,0.0,0,5.68,Cash
3879,1.82,20.47,2.65,0.0,0,23.12,Cash
4227,2.9,23.58,3.67,0.0,0,27.25,Credit Card
3650,2.08,20.77,1.13,0.0,1,22.9,Cash
5222,4.23,30.8,0.64,0.0,0,31.44,Credit Card
1479,1.46,9.33,0.42,0.0,0,9.75,Cash
1329,0.5,8.95,1.53,0.0,2,12.48,Credit Card
243,6.43,18.86,3.38,0.0,0,22.24,Cash
4497,3.81,27.26,2.42,0.0,0,29.68,Credit Card
4597,4.47,27.7,5.25,0.0,0,32.95,Credit Card
3070,1.22,17.79,0.13,0.5,1,19.42,Credit Card
726,3.0,12.95,1.15,1.0,0,15.1,Credit Card
1440,2.61,14.64,1.17,0.0,0,15.81,Mobile
1989,0.6,9.54,1.21,0.0,1,11.75,Cash
3934,1.23,18.58,3.71,0.0,1,23.29,Credit Card
3770,1.26,19.19,2.28,0.0,0,21.47,Credit Card
1638,0.81,9.89,1.79,1.0,0,12.68,Credit Card
3645,3.65,24.36,2.78,0.0,0,27.14,Credit Card
4671,5.12,29.27,1.86,0.0,2,33.13,Credit Card
705,0.95,5.81,0.01,0.0,2,7.82,Cash
2468,3.14,14.84,2.8,0.0,0,17.64,Credit Card
4613,2.52,24.92,2.27,0.0,2,29.19,Credit Card
3593,0.94,15.82,1.31,0.0,0,17.13,Cash
2239,0.75,13.27,1.26,0.0,0,14.53,Credit Card
4279,0.96,21.64,2.05,0.0,0,23.69,Cash
2938,0.6,13.29,0.5,0.0,0,13.79,Credit Card
1155,0.74,9.2,0.9,0.0,0,10.1,Credit Card
953,1.64,9.06,0.76,0.0,2,11.82,Credit Card
295,1.42,5.78,0.13,0.0,1,6.91,Credit Card
4564,2.28,22.57,3.48,0.0,3,29.05,Credit Card
3326,4.17,24.26,4.64,0.0,0,28.9,Mobile
3822,1.27,22.56,3.17,0.0,0,25.73,Credit Card
2260,1.14,13.09,0.43,0.0,1,14.52,Cash
5369,1.68,26.68,4.88,0.0,0,31.56,Cash
617,3.15,11.31,0.43,0.0,0,11.74,Credit Card
2353,1.16,15.86,1.05,0.0,0,16.91,Cash
1255,1.82,12.8,1.5,0.0,0,14.3,Credit Card
134,0.79,3.25,0.39,0.0,0,3.64,Credit Card
3427,0.95,18.94,2.19,0.0,0,21.13,Credit Card
5382,2.03,25.74,4.22,0.0,0,29.96,Credit Card
2790,1.34,15.59,0.81,0.0,2,18.4,Cash
4034,1.05,22.4,1.8,0.0,0,24.2,Credit Card
863,0.6,6.97,0.89,0.0,0,7.86,Credit Card
4277,0.52,17.85,2.95,0.0,2,22.8,Cash
2703,1.75,15.26,1.58,0.0,3,19.84,Credit Card
3514,1.37,16.76,2.62,0.0,0,19.38,Cash
4234,1.29,22.06,1.1,0.0,0,23.16,Credit Card
964,2.97,13.55,1.58,0.0,3,18.13,Credit Card
4429,2.03,19.69,1.64,0.0,0,21.33,Credit Card
4965,3.23,25.81,1.08,0.0,0,26.89,Credit Card
5355,0.93,21.73,1.33,0.0,0,23.06,Credit Card
3991,3.38,27.27,0.07,0.0,1,28.34,Credit Card
1562,2.91,13.68,0.34,0.0,0,14.02,Mobile
643,0.92,7.59,1.25,0.0,1,9.84,Credit Card
1712,2.26,11.83,2.34,0.0,0,14.17,Cash
